Id,Label
0,1223566
1,1325100
2,288000
3,115808
4,1197460
5,114615
6,1325102
7,2057741
8,1325120
9,2715960
10,1404888
11,1325114
12,1325112
13,1325111
14,376
15,319017
16,2493093
17,2599805
18,2599819
19,1404649
20,1325083
21,190148
22,1274631
23,1437360
24,1355477
25,722472
26,255045
27,83637
28,1245469
29,476282
30,1037409
31,1404367
32,1325090
33,1404864
34,1549949
35,1325107
36,858423
37,1325115
38,83627
39,1325095
40,1404768
41,244734
42,931866
43,1275962
44,2020412
45,2599640
46,1867715
47,2015316
48,1842539
49,1792307
50,1526658
51,316058
52,316056
53,316055
54,652103
55,395960
56,323097
57,323098
58,2592814
59,2592815
60,2592817
61,2592816
62,943830
63,1882747
64,504832
65,1333996
66,2613769
67,384
68,1335061
69,379684
70,29449
71,1368430
72,451876
73,348824
74,396
75,1312183
76,240521
77,293958
78,398
79,1138189
80,56730
81,1138194
82,2267833
83,1138190
84,648995
85,2583231
86,1538158
87,1538159
88,2081791
89,448181
90,1120045
91,1183400
92,2632611
93,373
94,160699
95,28099
96,359
97,1183412
98,2629175
99,399
100,1125847
101,382
102,663276
103,2613772
104,110321
105,194963
106,106592
107,375549
108,2633371
109,1752398
110,716925
111,879274
112,2715959
113,2795690
114,2341112
115,1969821
116,658172
117,1261131
118,1273132
119,1174529
120,34020
121,675281
122,2584466
123,2108445
124,2493680
125,2082387
126,2777475
127,2493675
128,2493673
129,2493676
130,2654248
131,2744518
132,2493669
133,2744521
134,2493668
135,2493672
136,2493678
137,2493677
138,2654249
139,2493679
140,2483403
141,2483404
142,2493681
143,2493671
144,1854057
145,2744516
146,2744517
147,2744523
148,2744522
149,2493670
150,2493674
151,2744515
152,278153
153,2744520
154,2483402
155,2744519
156,1670800
157,1082933
158,935548
159,935546
160,536019
161,754035
162,682633
163,278148
164,1777866
165,266835
166,763057
167,2725666
168,374606
169,2774562
170,2666139
171,83263
172,2599600
173,1756988
174,266779
175,1620421
176,411684
177,1867719
178,2718938
179,1852022
180,2742145
181,2712698
182,2305987
183,2774137
184,2801335
185,1736675
186,2657486
187,2083786
188,2499144
189,2759954
190,2664417
191,400770
192,674703
193,444923
194,582899
195,670307
196,1029756
197,717785
198,2233851
199,1079
200,1447062
201,1384459
202,2170729
203,1082931
204,2820278
205,2742204
206,648757
207,1335043
208,1219035
209,1608628
210,454601
211,2807101
212,2082949
213,1882682
214,2651334
215,426117
216,2202828
217,2603276
218,2202826
219,925818
220,2067957
221,1479019
222,739141
223,2696058
224,460265
225,270351
226,2202825
227,908290
228,269660
229,2202827
230,2051553
231,1775910
232,426355
233,418223
234,693986
235,272630
236,440085
237,419610
238,441620
239,29429
240,331696
241,2562284
242,2709380
243,639283
244,1850374
245,1745854
246,2528964
247,2789216
248,438753
249,1349819
250,2758041
251,2816454
252,1638161
253,1701758
254,1121028
255,686597
256,1486262
257,1122214
258,2583532
259,1235591
260,2712222
261,1482074
262,573658
263,538381
264,1881061
265,2021862
266,2590016
267,2587861
268,2587854
269,1674922
270,244592
271,187304
272,1402210
273,911045
274,173366
275,134
276,655015
277,391905
278,187303
279,595536
280,2699395
281,419475
282,571256
283,94625
284,271865
285,2632610
286,529
287,1218315
288,29459
289,29461
290,120577
291,236
292,235
293,36855
294,444163
295,120576
296,239106
297,1702325
298,444444
299,395965
300,227605
301,569860
302,31994
303,402881
304,1712261
305,1458461
306,2304600
307,1798205
308,2528642
309,1686310
310,2759660
311,515256
312,1933904
313,40933
314,803
315,2267275
316,1094489
317,634504
318,696125
319,1318743
320,1094491
321,38323
322,1095900
323,52764
324,807
325,774
326,2133959
327,687861
328,2714944
329,2764186
330,2714942
331,2714943
332,2596913
333,2681549
334,2653203
335,745310
336,1327635
337,2599297
338,1938607
339,2698679
340,2735134
341,2219696
342,1523415
343,2492837
344,2711156
345,2759526
346,1517554
347,2565555
348,1390395
349,1030157
350,1517551
351,1961362
352,2319844
353,304378
354,1628059
355,849864
356,1381597
357,28214
358,386874
359,1176646
360,1045317
361,363835
362,2071607
363,2594473
364,653931
365,1123269
366,93064
367,392499
368,1609977
369,1549858
370,1813879
371,1560345
372,424800
373,13689
374,621456
375,2698828
376,2565556
377,1357916
378,2486273
379,1874061
380,292913
381,1914525
382,1866325
383,1913578
384,33050
385,1515612
386,2054227
387,2448440
388,317655
389,267128
390,627192
391,1315974
392,2789327
393,2676077
394,2072936
395,2082188
396,1855519
397,1843368
398,2733867
399,407020
400,2565554
401,520734
402,484429
403,2185111
404,13690
405,135719
406,120107
407,1673076
408,452662
409,690566
410,1332080
411,76947
412,1054037
413,1208342
414,861109
415,56193
416,2675225
417,2571749
418,1609758
419,2780074
420,1016987
421,702113
422,164608
423,158500
424,279238
425,1176536
426,1088721
427,941907
428,2762748
429,2711215
430,2584094
431,2077182
432,1806885
433,2725558
434,392610
435,2026624
436,2724527
437,1850238
438,1842535
439,1550728
440,1921510
441,1634516
442,2762729
443,2806553
444,120045
445,120044
446,2633097
447,39960
448,2739433
449,1112
450,2182384
451,2683265
452,2067415
453,2060312
454,2604537
455,2185142
456,1267766
457,361183
458,476157
459,692370
460,2338327
461,1982042
462,2055955
463,450378
464,2798724
465,1348774
466,1532023
467,192812
468,266951
469,502682
470,1648404
471,645517
472,543877
473,1892855
474,2771430
475,335406
476,2759707
477,2500532
478,2589076
479,2760307
480,1529068
481,2812658
482,2560053
483,147645
484,1545044
485,1077935
486,82367
487,266
488,34004
489,2065379
490,1945662
491,2259340
492,1367847
493,135740
494,59779
495,225362
496,1499308
497,453842
498,135742
499,2033869
500,1850250
501,272942
502,1075
503,557760
504,992186
505,349101
506,272943
507,1917485
508,2587855
509,1968541
510,1389004
511,2070369
512,664426
513,1389005
514,1389011
515,2785912
516,1402135
517,83219
518,60137
519,74349
520,2587847
521,2587850
522,2587846
523,391613
524,540747
525,2494550
526,215743
527,1229727
528,311180
529,1792508
530,1208324
531,1411902
532,1758178
533,875171
534,1397108
535,1564506
536,308754
537,1188256
538,2579971
539,991905
540,60890
541,221822
542,1580596
543,1844006
544,681157
545,1396826
546,2508306
547,2508307
548,999552
549,1549850
550,1915078
551,2587852
552,2587858
553,2588299
554,292414
555,2587853
556,2293862
557,185588
558,246200
559,1335048
560,2789856
561,1826607
562,2009329
563,2588711
564,988812
565,1250539
566,561184
567,880591
568,92947
569,398580
570,2494374
571,1267768
572,195105
573,2613965
574,1891787
575,2434
576,391595
577,2602067
578,391616
579,391626
580,1458307
581,2169400
582,1609966
583,1294273
584,2587163
585,564137
586,2715211
587,2587842
588,1537215
589,2017482
590,245188
591,74033
592,290400
593,2599296
594,1265309
595,299262
596,2552942
597,2500533
598,53501
599,441209
600,1591409
601,2171755
602,1715691
603,2483033
604,1920883
605,1579316
606,666509
607,192
608,709810
609,652764
610,664962
611,2202148
612,137722
613,862719
614,528244
615,682998
616,1226968
617,286727
618,1064539
619,2775420
620,2233999
621,2602015
622,2602016
623,1663591
624,1639348
625,431944
626,342108
627,414684
628,269796
629,2594003
630,1441467
631,1110502
632,2220096
633,2048283
634,2785908
635,2785911
636,1891279
637,1123366
638,111831
639,1612173
640,1150469
641,1288970
642,1549855
643,1401328
644,1193729
645,2768162
646,2768161
647,2018065
648,257708
649,207340
650,94
651,1296990
652,265959
653,714995
654,265960
655,65958
656,33995
657,634177
658,215221
659,2771361
660,926570
661,349163
662,435
663,2592655
664,1076596
665,431306
666,481145
667,1006554
668,1266844
669,146474
670,481146
671,104102
672,446692
673,2500548
674,1633874
675,65959
676,1484109
677,1969806
678,290633
679,1288313
680,318683
681,574987
682,257438
683,272568
684,1052095
685,320497
686,153496
687,1231624
688,2558360
689,1510841
690,2558361
691,1293412
692,661191
693,2070537
694,2697033
695,2762277
696,2560057
697,2561924
698,2774189
699,2591463
700,2562582
701,1827469
702,2774190
703,2579977
704,2813778
705,1938605
706,2800818
707,2752515
708,1532555
709,2560058
710,588932
711,74329
712,41276
713,633149
714,293
715,1325724
716,69666
717,366602
718,69665
719,155892
720,1679497
721,2010972
722,2708539
723,88688
724,69395
725,450851
726,2201350
727,2686094
728,573065
729,1940610
730,1868589
731,2570229
732,349215
733,856793
734,488538
735,2029849
736,1434191
737,394221
738,2749086
739,1873716
740,1906738
741,2016196
742,582402
743,2582913
744,2043170
745,2640676
746,955
747,1845000
748,234826
749,320483
750,1248439
751,949
752,948
753,574556
754,779
755,944
756,945
757,35795
758,222891
759,1286528
760,2686014
761,434131
762,114277
763,114292
764,1129742
765,114295
766,784
767,2601646
768,2115978
769,1802984
770,696127
771,2486578
772,2163644
773,314260
774,91604
775,2066024
776,2601575
777,86106
778,2601668
779,1414854
780,156889
781,1002672
782,1388755
783,1977865
784,2268451
785,335992
786,2563896
787,1925548
788,2161677
789,945844
790,1707785
791,2769491
792,1678028
793,2765360
794,1593482
795,2709302
796,2709303
797,321985
798,1141883
799,321983
800,864828
801,871742
802,2045208
803,2072590
804,321984
805,1644131
806,2497863
807,1938606
808,375286
809,1537274
810,2808899
811,1236179
812,1349767
813,368607
814,2590869
815,29581
816,2728020
817,2728021
818,2014887
819,1262470
820,964
821,92645
822,1235827
823,1078773
824,863372
825,2025949
826,1005048
827,279058
828,279113
829,2601898
830,2058625
831,2058624
832,401471
833,1809410
834,2807626
835,847
836,662548
837,1034889
838,207745
839,434008
840,434009
841,1795631
842,2762322
843,2681552
844,2762323
845,282217
846,2774875
847,434014
848,2811425
849,2126319
850,1179817
851,543728
852,1246301
853,595537
854,436515
855,358220
856,2518343
857,1842533
858,2478662
859,1858609
860,2714923
861,232721
862,80870
863,2743470
864,1926868
865,553814
866,80869
867,80868
868,535289
869,795665
870,2806262
871,2716225
872,2651974
873,1842537
874,434010
875,2184519
876,2565558
877,47421
878,1763535
879,365046
880,2741720
881,2752316
882,2822760
883,1842727
884,2509614
885,1484693
886,338969
887,81479
888,1392005
889,543891
890,1082851
891,2597701
892,1232667
893,225991
894,160825
895,1562974
896,363952
897,225992
898,296591
899,1840265
900,1840293
901,1840283
902,2268087
903,1840239
904,1840267
905,1840303
906,1869339
907,1840297
908,2082385
909,365044
910,37448
911,2714924
912,2714925
913,2735554
914,2792224
915,1715720
916,1288495
917,1546149
918,80866
919,742013
920,1920191
921,558537
922,180282
923,215580
924,2714952
925,2816950
926,1658672
927,2109914
928,596154
929,596153
930,1458426
931,1458425
932,2116657
933,2109913
934,391735
935,80880
936,2109915
937,1678128
938,1678129
939,1844971
940,946483
941,87883
942,95486
943,292
944,101571
945,482957
946,488447
947,179879
948,1503054
949,95485
950,1503055
951,60550
952,152480
953,488731
954,60552
955,488729
956,488732
957,1207504
958,488446
959,152500
960,2571746
961,758782
962,1740163
963,640512
964,1855726
965,1637853
966,2217913
967,2811789
968,1637869
969,758796
970,1637862
971,1795043
972,1097668
973,2811788
974,1705310
975,1795874
976,1179675
977,2732364
978,416344
979,326454
980,28450
981,57975
982,342113
983,1385592
984,1385591
985,1636423
986,1637837
987,1637841
988,1637831
989,13373
990,32009
991,999541
992,41899
993,1176514
994,626418
995,977880
996,82633
997,1042878
998,381666
999,96344
1000,68895
1001,119219
1002,151783
1003,264198
1004,1040979
1005,1267562
1006,2771360
1007,1389192
1008,876364
1009,1796606
1010,367825
1011,2547399
1012,1926494
1013,2604047
1014,2735433
1015,2735434
1016,2026199
1017,2571748
1018,1323664
1019,92647
1020,1417228
1021,398527
1022,2571747
1023,391038
1024,169427
1025,2654982
1026,134537
1027,420953
1028,754502
1029,1229205
1030,60548
1031,311231
1032,266265
1033,134536
1034,1761016
1035,169430
1036,2211211
1037,265293
1038,311230
1039,859655
1040,859657
1041,1394180
1042,1457195
1043,859656
1044,402626
1045,428406
1046,190721
1047,105219
1048,1310165
1049,1310168
1050,1944648
1051,1416914
1052,445709
1053,93221
1054,656178
1055,2518599
1056,93219
1057,656179
1058,93218
1059,1891094
1060,573737
1061,93222
1062,2814653
1063,2705547
1064,2705548
1065,758793
1066,47671
1067,2594795
1068,882378
1069,452638
1070,556054
1071,556053
1072,576611
1073,2527775
1074,1743174
1075,1743162
1076,1835254
1077,1743168
1078,2732163
1079,1553431
1080,2651972
1081,2268024
1082,762376
1083,1167634
1084,217203
1085,1881016
1086,1758194
1087,2282475
1088,32002
1089,217204
1090,1353889
1091,1353891
1092,72557
1093,1746199
1094,1697043
1095,463040
1096,1416806
1097,463025
1098,1416803
1099,463014
1100,94624
1101,103855
1102,123899
1103,1331258
1104,1208658
1105,568707
1106,521
1107,35814
1108,463024
1109,520
1110,1208660
1111,2488560
1112,1940612
1113,1437824
1114,1851544
1115,511
1116,2813780
1117,323284
1118,2028345
1119,1007105
1120,2716226
1121,1036672
1122,1247726
1123,206506
1124,2163011
1125,90244
1126,90245
1127,643674
1128,1072685
1129,2652177
1130,29575
1131,1008459
1132,946333
1133,2753607
1134,420662
1135,2082386
1136,1430884
1137,983917
1138,395495
1139,1050370
1140,75379
1141,426114
1142,1658665
1143,639200
1144,2697032
1145,1296669
1146,76731
1147,392593
1148,1768242
1149,2494234
1150,2584944
1151,40545
1152,1796652
1153,2732067
1154,2732487
1155,44574
1156,44577
1157,261292
1158,153948
1159,228410
1160,335283
1161,1444684
1162,323848
1163,1288494
1164,1266925
1165,1981880
1166,311182
1167,1223802
1168,1842540
1169,157592
1170,292415
1171,1914471
1172,171865
1173,1985873
1174,2675298
1175,2715678
1176,1163617
1177,1662285
1178,2588534
1179,887061
1180,582744
1181,265072
1182,583345
1183,666681
1184,1581680
1185,2588536
1186,1581557
1187,2588535
1188,580332
1189,1188319
1190,395494
1191,2559597
1192,748247
1193,2016596
1194,356837
1195,2027405
1196,198107
1197,418699
1198,2067960
1199,41977
1200,2005884
1201,85643
1202,1134435
1203,96773
1204,44139
1205,2184083
1206,76116
1207,76115
1208,76114
1209,404405
1210,1765049
1211,640081
1212,2811415
1213,1735038
1214,1565605
1215,2231055
1216,2654218
1217,159087
1218,1751046
1219,2641838
1220,536
1221,1108595
1222,2202141
1223,2605945
1224,1778675
1225,394935
1226,235634
1227,537
1228,1906741
1229,1009682
1230,748280
1231,1537400
1232,519081
1233,332411
1234,1590041
1235,57480
1236,1192162
1237,557598
1238,1938604
1239,1737446
1240,2739434
1241,2739061
1242,655307
1243,641148
1244,1853276
1245,2709396
1246,267212
1247,607712
1248,194197
1249,1853278
1250,88719
1251,1815583
1252,662598
1253,942513
1254,135720
1255,935588
1256,65699
1257,326523
1258,492
1259,28091
1260,326522
1261,490
1262,488
1263,640030
1264,607711
1265,485
1266,493
1267,489653
1268,2666100
1269,483
1270,28449
1271,484
1272,489
1273,2290923
1274,682798
1275,63
1276,96942
1277,539
1278,2528037
1279,502
1280,505
1281,504
1282,153493
1283,1196094
1284,194196
1285,641147
1286,522306
1287,2591109
1288,233181
1289,1576550
1290,33056
1291,1208919
1292,1208920
1293,1208921
1294,2661583
1295,669502
1296,40324
1297,2072414
1298,2072413
1299,2072405
1300,2072412
1301,2072406
1302,2072407
1303,2072408
1304,2072409
1305,2072410
1306,2770322
1307,1904944
1308,2691571
1309,2742129
1310,2303750
1311,2005046
1312,2040586
1313,1827305
1314,2682487
1315,2282124
1316,2775920
1317,2565559
1318,216778
1319,128780
1320,2045451
1321,453783
1322,2290922
1323,2762611
1324,2781022
1325,2781021
1326,2714936
1327,2781024
1328,2781023
1329,2763317
1330,69
1331,2795387
1332,1324796
1333,435897
1334,1605891
1335,84531
1336,2591633
1337,2698682
1338,262324
1339,2006110
1340,2799326
1341,2508168
1342,1896164
1343,2799325
1344,2761107
1345,2565782
1346,1176533
1347,340
1348,149696
1349,359385
1350,92826
1351,2724122
1352,2724121
1353,2724123
1354,2775162
1355,2776703
1356,2775161
1357,56458
1358,152263
1359,134875
1360,487909
1361,56464
1362,56455
1363,64187
1364,129394
1365,380358
1366,925775
1367,346
1368,48664
1369,56453
1370,487904
1371,2754056
1372,707209
1373,195709
1374,69929
1375,454958
1376,325776
1377,487849
1378,1219375
1379,1982678
1380,1101443
1381,1304892
1382,2259622
1383,359387
1384,189396
1385,207721
1386,316273
1387,92828
1388,317013
1389,925776
1390,743721
1391,128785
1392,1045855
1393,2202149
1394,2771436
1395,2714945
1396,1463158
1397,215691
1398,370777
1399,2511995
1400,671135
1401,1401256
1402,698414
1403,1444770
1404,666685
1405,2778082
1406,582702
1407,445710
1408,2763498
1409,2501295
1410,1217721
1411,1849581
1412,1300342
1413,2589080
1414,1440763
1415,2010829
1416,2021234
1417,767434
1418,47880
1419,303
1420,47885
1421,76759
1422,70775
1423,2217867
1424,78327
1425,2725477
1426,1930532
1427,2320867
1428,2614442
1429,2054914
1430,2735906
1431,2731681
1432,1856685
1433,2726956
1434,1755504
1435,2748080
1436,1294143
1437,1028989
1438,2811422
1439,2653853
1440,1736226
1441,2729423
1442,1881017
1443,2774873
1444,1573718
1445,2518644
1446,658630
1447,2724470
1448,1931241
1449,1573704
1450,1981174
1451,2049589
1452,1283291
1453,2320270
1454,2219057
1455,2749999
1456,143813
1457,2498848
1458,2726989
1459,1898684
1460,2706126
1461,2054919
1462,2804761
1463,1649877
1464,1259844
1465,2730847
1466,253237
1467,2201356
1468,2823875
1469,658644
1470,2073078
1471,1573719
1472,1573712
1473,2730848
1474,2213057
1475,2052956
1476,2025658
1477,2774459
1478,2662033
1479,1702250
1480,1573711
1481,2590776
1482,2812000
1483,1611770
1484,118613
1485,1207075
1486,1534110
1487,1855380
1488,2587845
1489,2083052
1490,2559074
1491,2018067
1492,2069256
1493,1500687
1494,1758730
1495,2054915
1496,2597770
1497,2479392
1498,2651048
1499,1636610
1500,2604941
1501,1827300
1502,1573720
1503,676210
1504,1500686
1505,69328
1506,1659194
1507,2005388
1508,2662034
1509,2045200
1510,2730851
1511,2067572
1512,2605424
1513,658629
1514,2654238
1515,2169583
1516,2126069
1517,2083054
1518,2083053
1519,2738843
1520,1173288
1521,2083055
1522,76885
1523,2749807
1524,658642
1525,1173283
1526,1173270
1527,1415630
1528,147212
1529,2664899
1530,1855331
1531,2777367
1532,1173280
1533,658632
1534,2609418
1535,1886807
1536,2762896
1537,1338689
1538,658643
1539,2545800
1540,1495331
1541,1173273
1542,2083051
1543,2587597
1544,1173284
1545,2479393
1546,658641
1547,1761895
1548,306
1549,545908
1550,1524461
1551,1329969
1552,300
1553,287
1554,43263
1555,1232139
1556,53408
1557,53412
1558,627141
1559,578833
1560,74829
1561,271420
1562,47886
1563,294
1564,380021
1565,76758
1566,47878
1567,47883
1568,47879
1569,200451
1570,200450
1571,183795
1572,76760
1573,29442
1574,78543
1575,651740
1576,46679
1577,129817
1578,169669
1579,75588
1580,76761
1581,75612
1582,251695
1583,33069
1584,36746
1585,1190415
1586,53409
1587,50340
1588,251698
1589,251701
1590,2775504
1591,46257
1592,86840
1593,587753
1594,86185
1595,296
1596,237610
1597,384676
1598,319939
1599,1392877
1600,1301098
1601,2604832
1602,1691904
1603,1245526
1604,157782
1605,1499686
1606,216142
1607,43306
1608,86264
1609,2599595
1610,237609
1611,157783
1612,198618
1613,104087
1614,364197
1615,437900
1616,487184
1617,198620
1618,1395516
1619,741155
1620,553151
1621,472181
1622,515393
1623,702115
1624,395598
1625,797277
1626,554344
1627,46677
1628,1274359
1629,95300
1630,1421430
1631,1434072
1632,219572
1633,1148509
1634,191390
1635,86265
1636,1853130
1637,359110
1638,163011
1639,47884
1640,158627
1641,244566
1642,2505979
1643,2565368
1644,122355
1645,2502979
1646,321846
1647,1788301
1648,2774460
1649,2774461
1650,53407
1651,1628086
1652,1306993
1653,1615674
1654,1785145
1655,2681983
1656,1583341
1657,2219225
1658,1302376
1659,470150
1660,353
1661,69964
1662,354
1663,1510150
1664,1697053
1665,2785331
1666,2213226
1667,1046625
1668,1879049
1669,2725684
1670,2798861
1671,2563897
1672,1758189
1673,1808001
1674,1646498
1675,2004646
1676,2714110
1677,1827285
1678,1407071
1679,1636603
1680,2743575
1681,2004647
1682,2545797
1683,2601122
1684,1608473
1685,2004644
1686,2609668
1687,2420300
1688,470
1689,48296
1690,471
1691,1530123
1692,1785128
1693,106654
1694,108981
1695,756892
1696,40216
1697,40215
1698,1242245
1699,70348
1700,1789224
1701,108980
1702,29430
1703,202954
1704,106648
1705,134534
1706,487316
1707,62977
1708,106649
1709,2715164
1710,1879050
1711,2136182
1712,436717
1713,1871111
1714,70346
1715,2004650
1716,2715163
1717,2006115
1718,2662362
1719,202956
1720,1197884
1721,1324350
1722,1699621
1723,1028416
1724,2772254
1725,1699623
1726,1720344
1727,2733866
1728,1699624
1729,571800
1730,1699622
1731,2203895
1732,349106
1733,56811
1734,1028420
1735,256326
1736,259536
1737,45610
1738,330922
1739,34062
1740,34061
1741,480
1742,386891
1743,476
1744,478
1745,29433
1746,2283318
1747,2714951
1748,2681308
1749,2815358
1750,2282310
1751,2681307
1752,2282309
1753,1920114
1754,2681309
1755,83655
1756,550
1757,158836
1758,1812935
1759,69218
1760,61645
1761,299767
1762,2494701
1763,208224
1764,2071710
1765,2757714
1766,2596949
1767,2742619
1768,2724468
1769,1914861
1770,399742
1771,2742676
1772,2742639
1773,1166130
1774,1560339
1775,2705458
1776,2565914
1777,1868135
1778,2500132
1779,2747372
1780,1848517
1781,1827481
1782,2742673
1783,2051905
1784,1977566
1785,2742656
1786,881260
1787,2478464
1788,885040
1789,539813
1790,72407
1791,39831
1792,1328373
1793,1392500
1794,548
1795,571
1796,2675726
1797,2681387
1798,2697371
1799,1905288
1800,2675710
1801,2787706
1802,2015795
1803,2267618
1804,1667327
1805,1134687
1806,244366
1807,2026240
1808,2489010
1809,2153354
1810,2058152
1811,546
1812,67827
1813,1639133
1814,2816438
1815,133448
1816,57706
1817,2742624
1818,1573676
1819,2546350
1820,2781952
1821,1920110
1822,2742663
1823,2742662
1824,184912
1825,2807631
1826,2742667
1827,2742626
1828,2742671
1829,2742657
1830,2742678
1831,2742659
1832,2742655
1833,2742653
1834,2716879
1835,2742668
1836,2742675
1837,1702170
1838,637910
1839,67824
1840,1261127
1841,2562449
1842,2653932
1843,545
1844,1748967
1845,1563222
1846,566
1847,2725560
1848,2492396
1849,2067958
1850,1300165
1851,1177180
1852,551989
1853,497725
1854,1235834
1855,1646340
1856,1138308
1857,1073999
1858,413498
1859,1074000
1860,1159491
1861,1159613
1862,1906275
1863,575
1864,1286170
1865,577
1866,1259973
1867,2259647
1868,61647
1869,701347
1870,83334
1871,2822132
1872,2778655
1873,1412834
1874,2773706
1875,409438
1876,585397
1877,2027293
1878,861906
1879,2603836
1880,2773705
1881,362663
1882,1078034
1883,2810404
1884,208962
1885,564
1886,1499973
1887,2044467
1888,59201
1889,59202
1890,59204
1891,59205
1892,59208
1893,59203
1894,41527
1895,1197719
1896,2577118
1897,158822
1898,158823
1899,2545798
1900,2153385
1901,61646
1902,69220
1903,565
1904,2774055
1905,61648
1906,51288
1907,2579935
1908,1851514
1909,563
1910,2479367
1911,82977
1912,158877
1913,1972431
1914,395631
1915,1756993
1916,146507
1917,84564
1918,1906659
1919,1906657
1920,1682492
1921,1906661
1922,472825
1923,199891
1924,1302410
1925,2675792
1926,2675794
1927,2675787
1928,2675791
1929,2675785
1930,2675797
1931,2675772
1932,2675774
1933,2675775
1934,622
1935,623
1936,621
1937,1048758
1938,2487150
1939,401619
1940,428411
1941,476281
1942,273526
1943,1334564
1944,911022
1945,435998
1946,1154756
1947,1006598
1948,682634
1949,104623
1950,2420306
1951,671990
1952,2597702
1953,2447890
1954,1327989
1955,2448483
1956,2033438
1957,2724469
1958,2482769
1959,488142
1960,2485839
1961,2773264
1962,1938820
1963,2785630
1964,61652
1965,618
1966,47917
1967,399741
1968,2741499
1969,82995
1970,1346614
1971,568817
1972,137545
1973,61651
1974,300181
1975,458197
1976,367190
1977,633
1978,632
1979,935293
1980,34053
1981,1443113
1982,349967
1983,29486
1984,29485
1985,28152
1986,1453495
1987,29484
1988,263819
1989,2607663
1990,1179669
1991,419257
1992,631
1993,2339259
1994,349968
1995,2126321
1996,1805933
1997,741091
1998,657339
1999,745277
2000,1151116
2001,2703885
2002,929813
2003,1646377
2004,41202
2005,1441930
2006,1878942
2007,1484158
2008,2575375
2009,592316
2010,2052056
2011,2490851
2012,2479547
2013,2787629
2014,2768165
2015,549
2016,712898
2017,59814
2018,706191
2019,932677
2020,1123863
2021,1095774
2022,66271
2023,55209
2024,1076550
2025,1891675
2026,1235990
2027,470933
2028,1619313
2029,2681984
2030,215689
2031,2547962
2032,55211
2033,465817
2034,716540
2035,634500
2036,1922217
2037,79967
2038,665914
2039,665913
2040,1458355
2041,1615494
2042,2315800
2043,1241836
2044,1315998
2045,1241869
2046,1241865
2047,98785
2048,2315802
2049,571430
2050,118118
2051,118101
2052,1241860
2053,118103
2054,2315801
2055,118110
2056,1241833
2057,1660043
2058,1878935
2059,2173854
2060,1241878
2061,98794
2062,98804
2063,118099
2064,1241835
2065,911343
2066,668607
2067,2518974
2068,557993
2069,135842
2070,118117
2071,2487345
2072,82987
2073,53336
2074,36868
2075,590409
2076,1427366
2077,1224147
2078,1224146
2079,1224153
2080,1223573
2081,1223567
2082,69223
2083,204040
2084,1224149
2085,198628
2086,1223569
2087,1223571
2088,1225780
2089,1223570
2090,1089444
2091,1778540
2092,568766
2093,2037915
2094,1224145
2095,568768
2096,555
2097,180957
2098,218491
2099,2042057
2100,561231
2101,2108399
2102,1175631
2103,78398
2104,2488639
2105,1201031
2106,1109412
2107,2722756
2108,55213
2109,1172565
2110,1082704
2111,718251
2112,67780
2113,93378
2114,1288122
2115,1578828
2116,1650654
2117,1453496
2118,546367
2119,1848580
2120,82983
2121,1141663
2122,333962
2123,126385
2124,158850
2125,333965
2126,1141660
2127,588
2128,2027290
2129,2633465
2130,180434
2131,1266738
2132,585
2133,183417
2134,2697019
2135,1987580
2136,626774
2137,102862
2138,406818
2139,351671
2140,628
2141,290110
2142,1354304
2143,351679
2144,1231049
2145,235559
2146,638
2147,634113
2148,141679
2149,230089
2150,291112
2151,1239307
2152,2342
2153,1929246
2154,63612
2155,158841
2156,82985
2157,2172103
2158,2498113
2159,703
2160,1255043
2161,396588
2162,713585
2163,106634
2164,396595
2165,1765967
2166,2792603
2167,2819280
2168,1335757
2169,2666185
2170,1260251
2171,349124
2172,1052
2173,2740807
2174,187272
2175,421628
2176,1442136
2177,765912
2178,1166950
2179,765910
2180,572477
2181,765911
2182,316276
2183,2699430
2184,1814290
2185,323261
2186,472759
2187,105559
2188,1763998
2189,2498451
2190,2545632
2191,1630141
2192,553981
2193,1579979
2194,2771012
2195,2795687
2196,585455
2197,47960
2198,1972068
2199,1860122
2200,555778
2201,1548547
2202,1192854
2203,1811807
2204,2587844
2205,2733488
2206,2497861
2207,2733487
2208,2773308
2209,2587849
2210,1609967
2211,1883416
2212,2306583
2213,2730360
2214,2562282
2215,2785909
2216,2749040
2217,1504981
2218,1118153
2219,2136172
2220,2733484
2221,2014541
2222,1971364
2223,1761789
2224,1666906
2225,1346287
2226,475662
2227,1897729
2228,768066
2229,1081866
2230,507626
2231,29570
2232,115561
2233,1178482
2234,29571
2235,2609667
2236,664683
2237,74661
2238,44935
2239,213554
2240,272774
2241,1771309
2242,2686360
2243,2609415
2244,2661553
2245,1055101
2246,28258
2247,376489
2248,657387
2249,157779
2250,698828
2251,290398
2252,1883414
2253,33074
2254,91844
2255,114186
2256,2014542
2257,1113728
2258,391936
2259,930169
2260,1094342
2261,393595
2262,1917421
2263,1821621
2264,48076
2265,2668067
2266,400668
2267,2071621
2268,178399
2269,383750
2270,491950
2271,491952
2272,717774
2273,2773454
2274,1249553
2275,1572645
2276,1031538
2277,1441457
2278,2614693
2279,1278309
2280,1298593
2281,207949
2282,349521
2283,1628392
2284,2683272
2285,2161747
2286,1336806
2287,1445510
2288,418701
2289,1561924
2290,523791
2291,914150
2292,1144748
2293,141451
2294,570277
2295,1987723
2296,2303332
2297,454662
2298,1945512
2299,155077
2300,377629
2301,2731755
2302,2731756
2303,1117647
2304,203122
2305,1737490
2306,2681547
2307,2745199
2308,1516059
2309,2591606
2310,2587856
2311,359370
2312,1769779
2313,252514
2314,48074
2315,260552
2316,930805
2317,930806
2318,2601894
2319,2708301
2320,314285
2321,2794344
2322,1620392
2323,1470434
2324,716816
2325,1347420
2326,998088
2327,1354302
2328,1448139
2329,196023
2330,1416915
2331,1208104
2332,648
2333,2033032
2334,2033033
2335,2560029
2336,1636606
2337,1758179
2338,2560028
2339,1636607
2340,1636609
2341,1636608
2342,2675707
2343,1920107
2344,652
2345,96473
2346,29491
2347,218936
2348,73010
2349,650
2350,196024
2351,948519
2352,656
2353,347534
2354,511062
2355,2047966
2356,595494
2357,1416627
2358,1903694
2359,83771
2360,2304594
2361,2488665
2362,2769486
2363,1749259
2364,1415568
2365,2547598
2366,1671721
2367,1761794
2368,490759
2369,2603215
2370,1420917
2371,351348
2372,1163748
2373,418719
2374,1874317
2375,225937
2376,330734
2377,2267264
2378,1714845
2379,2358187
2380,2058133
2381,1917158
2382,1777491
2383,1004785
2384,1004787
2385,1004788
2386,1774373
2387,1858656
2388,589873
2389,715451
2390,233316
2391,2259620
2392,2785918
2393,2572577
2394,914153
2395,2303538
2396,2489595
2397,1085623
2398,2686359
2399,2686358
2400,197222
2401,1129794
2402,1526571
2403,2183582
2404,680279
2405,2172099
2406,1740262
2407,2814293
2408,2814294
2409,2814292
2410,2814295
2411,2593655
2412,2590015
2413,2059264
2414,2803864
2415,2589987
2416,2029986
2417,2487742
2418,94122
2419,2698686
2420,60481
2421,1930557
2422,60480
2423,2589790
2424,2806008
2425,2575361
2426,2593656
2427,2775245
2428,351745
2429,323850
2430,1965282
2431,38313
2432,407976
2433,402882
2434,399599
2435,693970
2436,399804
2437,326297
2438,1173586
2439,260364
2440,425104
2441,392500
2442,43661
2443,558541
2444,458817
2445,256839
2446,637905
2447,1028752
2448,225848
2449,318161
2450,398579
2451,211586
2452,318167
2453,150120
2454,2520507
2455,225849
2456,238836
2457,2588449
2458,93973
2459,2018305
2460,342950
2461,2547970
2462,1709477
2463,116092
2464,2744479
2465,2587843
2466,1514074
2467,2003316
2468,234831
2469,1390185
2470,87791
2471,2785910
2472,2490635
2473,2799564
2474,1720343
2475,2583375
2476,283699
2477,43658
2478,1365250
2479,339617
2480,43662
2481,342610
2482,1348114
2483,314281
2484,1117319
2485,1315306
2486,227
2487,1315283
2488,1314866
2489,882626
2490,1315282
2491,161398
2492,151081
2493,874454
2494,1190813
2495,1314869
2496,1117313
2497,28109
2498,43660
2499,176102
2500,152297
2501,267375
2502,621376
2503,43659
2504,1315279
2505,2820710
2506,1266052
2507,550540
2508,2724191
2509,1816218
2510,2161872
2511,58049
2512,1816219
2513,2497879
2514,2689569
2515,1967665
2516,167879
2517,2552945
2518,2594005
2519,2769490
2520,1763536
2521,718192
2522,2100422
2523,2055892
2524,135577
2525,1940690
2526,1096243
2527,357804
2528,314282
2529,69539
2530,1202962
2531,2812648
2532,2681310
2533,243233
2534,2785785
2535,1727196
2536,2812647
2537,107637
2538,2608981
2539,1538553
2540,857087
2541,702114
2542,1432792
2543,686340
2544,2049332
2545,1808979
2546,1091494
2547,95641
2548,1704499
2549,465721
2550,2303331
2551,2698684
2552,1675686
2553,1620215
2554,1281578
2555,670
2556,680
2557,696485
2558,663
2559,2315253
2560,669
2561,190895
2562,691
2563,512649
2564,766224
2565,676
2566,196600
2567,914127
2568,1246305
2569,748003
2570,903510
2571,2587865
2572,2662262
2573,2714948
2574,2711221
2575,2777577
2576,2589990
2577,2163016
2578,1116375
2579,666
2580,29498
2581,300876
2582,28173
2583,29495
2584,55601
2585,1384040
2586,45658
2587,689
2588,687
2589,265668
2590,1481663
2591,674
2592,2479546
2593,553239
2594,1074311
2595,1918945
2596,675
2597,2572923
2598,1763883
2599,1481923
2600,1435069
2601,1671868
2602,28172
2603,1381081
2604,693153
2605,673372
2606,76258
2607,2587862
2608,170673
2609,170679
2610,1191300
2611,1891186
2612,29497
2613,47951
2614,2025808
2615,1534743
2616,658445
2617,320778
2618,38294
2619,85581
2620,298386
2621,1908198
2622,51367
2623,2003370
2624,673
2625,1088719
2626,312309
2627,388396
2628,316275
2629,1927128
2630,1755811
2631,1810504
2632,2662448
2633,2746060
2634,2708020
2635,2755562
2636,91891
2637,91892
2638,91890
2639,400673
2640,28087
2641,45065
2642,452
2643,661367
2644,1212491
2645,454
2646,28084
2647,456
2648,28082
2649,66969
2650,1867846
2651,45067
2652,1268635
2653,45056
2654,449
2655,2005262
2656,1094714
2657,1094715
2658,451
2659,254247
2660,254246
2661,777
2662,2054173
2663,2487929
2664,676208
2665,1803865
2666,717772
2667,717773
2668,2739063
2669,2580412
2670,2211106
2671,2267253
2672,754476
2673,754477
2674,317025
2675,265883
2676,28885
2677,1238
2678,1198232
2679,385025
2680,728003
2681,2675054
2682,2675053
2683,1032
2684,2735563
2685,111769
2686,288004
2687,28110
2688,1547445
2689,2589986
2690,1395624
2691,2007306
2692,264
2693,573570
2694,1088883
2695,1086726
2696,549298
2697,1542390
2698,2249302
2699,299583
2700,573569
2701,360196
2702,1085644
2703,594679
2704,1543721
2705,2738883
2706,1076588
2707,1249552
2708,2291597
2709,1705394
2710,2508687
2711,1427364
2712,2738852
2713,413404
2714,2360
2715,1303921
2716,412965
2717,1971485
2718,1971488
2719,2652803
2720,2183911
2721,1248727
2722,2774188
2723,339671
2724,189834
2725,51161
2726,696748
2727,718
2728,715
2729,51049
2730,720
2731,862965
2732,727
2733,730
2734,726
2735,735
2736,249188
2737,712310
2738,75985
2739,85402
2740,1434215
2741,111844
2742,1432056
2743,2770636
2744,2679994
2745,634176
2746,985008
2747,714
2748,2820817
2749,739
2750,44283
2751,123812
2752,97481
2753,754
2754,738
2755,2030797
2756,221988
2757,653940
2758,728
2759,762
2760,1005058
2761,2778911
2762,1906744
2763,1263832
2764,205914
2765,1032623
2766,123824
2767,109472
2768,1443036
2769,2718
2770,246195
2771,1267021
2772,1196095
2773,1635327
2774,47
2775,42
2776,40
2777,44
2778,83461
2779,32
2780,224458
2781,161492
2782,1524214
2783,39643
2784,50
2785,1882917
2786,1055688
2787,1649470
2788,1524217
2789,162027
2790,881
2791,370038
2792,345370
2793,2593640
2794,879
2795,63561
2796,184917
2797,876
2798,296842
2799,901
2800,44742
2801,241368
2802,58180
2803,1725232
2804,1716143
2805,641491
2806,182210
2807,2678688
2808,2661612
2809,57320
2810,879567
2811,873
2812,2773299
2813,191026
2814,880
2815,29546
2816,899
2817,132132
2818,45663
2819,2627627
2820,35554
2821,345632
2822,60035
2823,28232
2824,225194
2825,351604
2826,1203471
2827,313985
2828,483547
2829,2614637
2830,1603606
2831,29543
2832,29542
2833,19
2834,1842532
2835,571177
2836,83564
2837,947919
2838,897
2839,181663
2840,218208
2841,2291
2842,2293
2843,45655
2844,45656
2845,2296
2846,28223
2847,894
2848,1986146
2849,1909699
2850,427923
2851,2622240
2852,84980
2853,65555
2854,2292766
2855,1548548
2856,119484
2857,361111
2858,60893
2859,2358
2860,316277
2861,453230
2862,1621989
2863,84405
2864,204
2865,824
2866,199
2867,200
2868,203
2869,2561898
2870,2593542
2871,198
2872,1244531
2873,201
2874,1780362
2875,196
2876,827
2877,206
2878,1965231
2879,195
2880,197
2881,75658
2882,522485
2883,449520
2884,2042961
2885,374106
2886,202
2887,1031542
2888,1813019
2889,260714
2890,76517
2891,497724
2892,1848766
2893,2505970
2894,28080
2895,1448857
2896,28898
2897,2321111
2898,28196
2899,2321114
2900,2321115
2901,2321113
2902,2321187
2903,366522
2904,2618290
2905,66821
2906,44674
2907,194424
2908,65553
2909,210
2910,35817
2911,138563
2912,1591088
2913,37372
2914,56877
2915,214
2916,45498
2917,217
2918,123841
2919,76936
2920,2593540
2921,29419
2922,104628
2923,32025
2924,35818
2925,135569
2926,213
2927,157268
2928,212
2929,844
2930,269261
2931,2646778
2932,2779528
2933,206403
2934,2740515
2935,2623549
2936,317658
2937,39766
2938,1176482
2939,202747
2940,2740404
2941,2740405
2942,148813
2943,244787
2944,2632186
2945,291048
2946,1424653
2947,2624044
2948,2706014
2949,2714855
2950,637389
2951,990288
2952,743299
2953,243159
2954,380394
2955,637390
2956,1232575
2957,2614801
2958,1069642
2959,765869
2960,264462
2961,2231053
2962,2748865
2963,2220073
2964,1184267
2965,960
2966,862908
2967,2109558
2968,1915309
2969,297
2970,1921087
2971,1921086
2972,2609290
2973,273677
2974,104336
2975,162426
2976,743009
2977,2033
2978,82380
2979,1072463
2980,370764
2981,273678
2982,84292
2983,36805
2984,904291
2985,2614638
2986,57043
2987,2541726
2988,2614639
2989,2509458
2990,69362
2991,936337
2992,1526412
2993,300019
2994,199592
2995,589382
2996,2639701
2997,453304
2998,2080742
2999,2509455
3000,684552
3001,399736
3002,2615065
3003,2609250
3004,110937
3005,1671680
3006,59737
3007,33888
3008,33887
3009,145458
3010,257496
3011,2035
3012,69373
3013,2663824
3014,1575
3015,150026
3016,28447
3017,2626594
3018,1935379
3019,1784719
3020,2621730
3021,2714934
3022,2714935
3023,2714933
3024,683042
3025,2632331
3026,2079791
3027,2680006
3028,2419774
3029,2649013
3030,670052
3031,2220095
3032,412690
3033,2626248
3034,2624265
3035,150123
3036,2618217
3037,2635918
3038,2627005
3039,2419771
3040,2642974
3041,2750620
3042,2079792
3043,2685235
3044,2621488
3045,674079
3046,2643261
3047,279828
3048,2645362
3049,2641148
3050,1619308
3051,1655489
3052,2623385
3053,708131
3054,1159327
3055,1275
3056,388357
3057,446860
3058,2649579
3059,71999
3060,1272
3061,72000
3062,1049583
3063,235627
3064,37928
3065,37921
3066,156980
3067,2211210
3068,656366
3069,1670
3070,122866
3071,2647000
3072,85085
3073,361575
3074,728066
3075,121292
3076,37927
3077,2646595
3078,1270
3079,2620948
3080,162496
3081,37930
3082,1933880
3083,1775880
3084,256701
3085,37929
3086,2627139
3087,2632435
3088,37923
3089,43675
3090,85336
3091,172042
3092,2047
3093,396015
3094,2689056
3095,169480
3096,2634190
3097,37931
3098,43663
3099,29320
3100,2626589
3101,2629769
3102,1618207
3103,556325
3104,2634694
3105,1646
3106,2620175
3107,1708
3108,1711
3109,2566013
3110,11
3111,2729175
3112,2638618
3113,2619021
3114,2649176
3115,545619
3116,262209
3117,53458
3118,857417
3119,2649294
3120,2637926
3121,1690220
3122,53358
3123,443156
3124,2643346
3125,2663846
3126,2624466
3127,1710
3128,139208
3129,372663
3130,186189
3131,2509459
3132,2626399
3133,2615080
3134,1288636
3135,2593973
3136,767452
3137,1758689
3138,1078471
3139,247333
3140,2623841
3141,1331682
3142,43669
3143,556288
3144,2017484
3145,2017485
3146,1630135
3147,1667168
3148,472569
3149,2614124
3150,33889
3151,199591
3152,1703
3153,273384
3154,358099
3155,629680
3156,1136497
3157,60920
3158,2645534
3159,2626815
3160,2483799
3161,1274
3162,2643059
3163,571913
3164,2649892
3165,84757
3166,2626367
3167,2648503
3168,1133546
3169,2649508
3170,100225
3171,1863
3172,1276
3173,43674
3174,2039
3175,2593676
3176,38300
3177,629295
3178,54571
3179,1827580
3180,285570
3181,1169025
3182,33899
3183,67258
3184,1969
3185,2653200
3186,1783515
3187,67581
3188,1915
3189,1888
3190,1932
3191,2014920
3192,67304
3193,2548456
3194,68249
3195,73044
3196,2710756
3197,2496836
3198,47763
3199,1413221
3200,1950
3201,83656
3202,83291
3203,2763006
3204,1889
3205,67345
3206,379067
3207,193462
3208,1176198
3209,68270
3210,1912
3211,1898
3212,1535768
3213,29303
3214,2184053
3215,348043
3216,1038928
3217,68210
3218,1927
3219,67305
3220,45398
3221,116188
3222,1893
3223,146923
3224,1890
3225,1885
3226,28894
3227,1226757
3228,33903
3229,362257
3230,2049881
3231,68278
3232,1477431
3233,2282738
3234,67267
3235,67296
3236,1914
3237,68214
3238,68209
3239,40318
3240,66871
3241,68570
3242,35621
3243,1977088
3244,2686304
3245,1901
3246,1940
3247,66425
3248,66892
3249,42881
3250,1907
3251,36818
3252,173860
3253,68246
3254,1905
3255,42684
3256,51201
3257,1077946
3258,665007
3259,1960
3260,2662397
3261,68223
3262,285450
3263,2174846
3264,1904616
3265,1690221
3266,1355015
3267,1616117
3268,53451
3269,80860
3270,1967
3271,132473
3272,553510
3273,2599401
3274,66374
3275,1437453
3276,47716
3277,68192
3278,68202
3279,68203
3280,188770
3281,68280
3282,68175
3283,58346
3284,1971
3285,67351
3286,48665
3287,408015
3288,1642299
3289,1930
3290,75293
3291,92644
3292,1929477
3293,33900
3294,146922
3295,1916
3296,1906
3297,1935
3298,67260
3299,285473
3300,1928
3301,67381
3302,1904
3303,545123
3304,39478
3305,2633591
3306,2066
3307,68173
3308,1894
3309,2643834
3310,2126346
3311,1791
3312,1804
3313,117567
3314,758802
3315,36813
3316,36814
3317,1794
3318,2636767
3319,39691
3320,1772
3321,370526
3322,1797
3323,1792
3324,1249101
3325,1286181
3326,1771
3327,1286180
3328,46351
3329,212765
3330,39695
3331,1800
3332,216929
3333,39692
3334,53462
3335,1810
3336,134601
3337,258505
3338,39688
3339,146017
3340,28047
3341,1793
3342,1766
3343,67081
3344,444597
3345,1431246
3346,56689
3347,126673
3348,319706
3349,1534349
3350,319707
3351,1534348
3352,1799
3353,39694
3354,85693
3355,39687
3356,2487344
3357,110539
3358,1795
3359,2642494
3360,2249310
3361,120793
3362,39689
3363,1552759
3364,1778
3365,482462
3366,43348
3367,44010
3368,1775
3369,1389713
3370,77643
3371,1768
3372,110505
3373,459858
3374,486698
3375,398694
3376,1789
3377,169765
3378,386911
3379,590652
3380,2094119
3381,29311
3382,1781
3383,2492438
3384,1769
3385,1809
3386,133549
3387,261524
3388,265949
3389,28045
3390,36809
3391,1578165
3392,1774
3393,83262
3394,404941
3395,1520670
3396,1788
3397,29314
3398,1118379
3399,875328
3400,1069220
3401,639313
3402,192944
3403,1830
3404,1829
3405,37919
3406,43767
3407,1828
3408,99653
3409,300028
3410,132919
3411,38310
3412,103816
3413,334542
3414,1833
3415,262776
3416,1500843
3417,191292
3418,37326
3419,2637762
3420,135487
3421,455432
3422,37329
3423,1824
3424,228602
3425,2213200
3426,480035
3427,1823
3428,37332
3429,2382165
3430,37330
3431,2624378
3432,1725
3433,191493
3434,1230998
3435,36808
3436,225326
3437,575200
3438,1032851
3439,1223514
3440,38305
3441,1727
3442,1121358
3443,349751
3444,441500
3445,2079535
3446,2594913
3447,89154
3448,1404244
3449,2080740
3450,1737425
3451,1072256
3452,38302
3453,191610
3454,156978
3455,38289
3456,152794
3457,401472
3458,136857
3459,43771
3460,38288
3461,43770
3462,160386
3463,161879
3464,38304
3465,39791
3466,1231000
3467,169292
3468,187491
3469,203263
3470,2488819
3471,28028
3472,43768
3473,2079234
3474,146827
3475,156976
3476,43990
3477,1724
3478,38301
3479,1050174
3480,1408191
3481,1717
3482,1705
3483,65058
3484,43769
3485,1471400
3486,161899
3487,1718
3488,42817
3489,35757
3490,161896
3491,38290
3492,1862358
3493,161895
3494,258224
3495,1979527
3496,2080757
3497,571915
3498,1697
3499,2684406
3500,1721
3501,43765
3502,2506452
3503,1719
3504,1652495
3505,2719119
3506,35755
3507,2055
3508,2657482
3509,84595
3510,2420509
3511,1136941
3512,2054
3513,1004901
3514,36822
3515,84096
3516,1292359
3517,158898
3518,2617939
3519,139021
3520,546160
3521,499555
3522,2061
3523,57704
3524,2645312
3525,286802
3526,1528099
3527,2615069
3528,433659
3529,2518370
3530,1643322
3531,2712223
3532,2518371
3533,200618
3534,2558918
3535,449461
3536,419476
3537,450734
3538,2589074
3539,2045452
3540,402297
3541,1804624
3542,2633570
3543,1736691
3544,2041
3545,2079793
3546,219314
3547,2662028
3548,642780
3549,2045
3550,546871
3551,2621872
3552,75385
3553,2619695
3554,546874
3555,29405
3556,630515
3557,1285901
3558,1332264
3559,399497
3560,2635419
3561,1610493
3562,2161816
3563,556499
3564,1744
3565,119981
3566,2608905
3567,1748
3568,1749
3569,2057246
3570,675864
3571,2642922
3572,2717326
3573,2662260
3574,33010
3575,33011
3576,1747
3577,1750
3578,2633994
3579,182640
3580,1544730
3581,117157
3582,2617518
3583,47858
3584,1877
3585,47857
3586,47853
3587,307121
3588,47865
3589,47872
3590,1914461
3591,47875
3592,1003110
3593,285665
3594,356851
3595,1881
3596,356852
3597,299152
3598,261654
3599,709883
3600,299146
3601,291594
3602,2294034
3603,479978
3604,47850
3605,2626549
3606,196914
3607,113562
3608,1867
3609,1866
3610,624315
3611,1076124
3612,2631981
3613,227318
3614,168697
3615,168695
3616,2630859
3617,56438
3618,2619320
3619,2736640
3620,240495
3621,2074
3622,2618356
3623,1814
3624,33910
3625,1804986
3626,129921
3627,31958
3628,208439
3629,1586287
3630,1852
3631,40988
3632,632569
3633,40989
3634,75294
3635,40990
3636,2593673
3637,103733
3638,103731
3639,1836
3640,2665642
3641,60894
3642,333966
3643,2646250
3644,211114
3645,1470176
3646,340345
3647,2644606
3648,1612552
3649,42197
3650,40567
3651,860235
3652,43357
3653,2636053
3654,530584
3655,1861
3656,138336
3657,477641
3658,2001
3659,2632669
3660,2593643
3661,2656914
3662,93944
3663,2006
3664,35762
3665,2626254
3666,46165
3667,2020
3668,2014
3669,280236
3670,53437
3671,2649073
3672,2635841
3673,2021
3674,2609248
3675,111015
3676,52771
3677,52774
3678,2560010
3679,675090
3680,2057800
3681,2057743
3682,1656
3683,1960083
3684,2737173
3685,2321394
3686,1655
3687,544580
3688,1659
3689,1852377
3690,1660
3691,52773
3692,2691889
3693,181487
3694,1282737
3695,2623556
3696,2630174
3697,1661
3698,312285
3699,178339
3700,2692119
3701,2631020
3702,28264
3703,1302235
3704,131112
3705,2609299
3706,59505
3707,2051
3708,1912795
3709,82135
3710,2632575
3711,298654
3712,1859
3713,2716812
3714,106370
3715,2624397
3716,419479
3717,53461
3718,2618968
3719,1090615
3720,35760
3721,158787
3722,216816
3723,1694
3724,1681
3725,28025
3726,77635
3727,78448
3728,1680
3729,1685
3730,33905
3731,1603886
3732,1683
3733,1689
3734,638619
3735,1765219
3736,1684
3737,1686
3738,28026
3739,2020965
3740,762210
3741,1691
3742,1687
3743,78258
3744,2702
3745,2792978
3746,78259
3747,304895
3748,131568
3749,283811
3750,1891644
3751,2629395
3752,414996
3753,28049
3754,1884913
3755,1884905
3756,1884914
3757,1884907
3758,573600
3759,1884904
3760,1884916
3761,1884915
3762,1884634
3763,2637691
3764,49319
3765,42256
3766,2051957
3767,496014
3768,191495
3769,2627773
3770,2789776
3771,467094
3772,53635
3773,2648737
3774,84112
3775,471189
3776,1335613
3777,446660
3778,2636013
3779,1870985
3780,1531429
3781,84110
3782,79604
3783,1944646
3784,84163
3785,2638792
3786,1805478
3787,604330
3788,133926
3789,1871022
3790,2003188
3791,1382
3792,74426
3793,33871
3794,2649358
3795,1670830
3796,1670831
3797,1404
3798,1402861
3799,412384
3800,86664
3801,185979
3802,86661
3803,653685
3804,450367
3805,561879
3806,189381
3807,1397
3808,1670641
3809,1408
3810,1792192
3811,1664069
3812,33932
3813,38875
3814,1742359
3815,324767
3816,1547283
3817,79883
3818,1476025
3819,218284
3820,1471
3821,1783501
3822,1441095
3823,632773
3824,1479
3825,46224
3826,1925021
3827,1413
3828,1178537
3829,2675274
3830,152268
3831,129338
3832,2642459
3833,1505648
3834,1921421
3835,1422
3836,33940
3837,213419
3838,1478
3839,228899
3840,421767
3841,264697
3842,1407
3843,386490
3844,79880
3845,79885
3846,199441
3847,86665
3848,2598861
3849,300825
3850,665099
3851,859143
3852,746691
3853,182710
3854,2052660
3855,2636778
3856,2086577
3857,28031
3858,1421
3859,1145276
3860,279826
3861,129985
3862,2698411
3863,2502791
3864,2099786
3865,1740721
3866,1193713
3867,1215031
3868,2620237
3869,2017483
3870,163877
3871,1482
3872,302167
3873,1473
3874,1398
3875,2639704
3876,247480
3877,294699
3878,33934
3879,196180
3880,198467
3881,35841
3882,255247
3883,1221500
3884,2614679
3885,1472767
3886,1570
3887,402384
3888,45668
3889,2283160
3890,2636677
3891,33936
3892,1532552
3893,1295642
3894,1426
3895,153151
3896,2651280
3897,2628296
3898,1230341
3899,2636913
3900,1467
3901,2625209
3902,1449
3903,2213194
3904,2594883
3905,1028381
3906,459472
3907,1499687
3908,200991
3909,2662419
3910,1038856
3911,192421
3912,1176255
3913,161360
3914,1215089
3915,1302659
3916,414778
3917,1598147
3918,1374
3919,1373
3920,2647733
3921,1571
3922,298596
3923,1474
3924,1476
3925,76853
3926,2637870
3927,417367
3928,2642018
3929,51173
3930,367743
3931,1508404
3932,2617942
3933,241244
3934,1650
3935,2644826
3936,394098
3937,185978
3938,61624
3939,2704462
3940,562959
3941,49283
3942,528191
3943,248903
3944,44251
3945,2704463
3946,1406
3947,1870820
3948,79263
3949,169760
3950,1126833
3951,375489
3952,365617
3953,2495582
3954,414771
3955,162209
3956,198119
3957,2509456
3958,2044880
3959,1462996
3960,160799
3961,1178515
3962,1401
3963,1338368
3964,1473112
3965,1619311
3966,1778678
3967,2707005
3968,683737
3969,1712516
3970,682956
3971,189425
3972,1464
3973,1616788
3974,172713
3975,189426
3976,159743
3977,59893
3978,44250
3979,128574
3980,1763538
3981,253703
3982,59843
3983,2684853
3984,51101
3985,1393
3986,54911
3987,1465
3988,54913
3989,2636738
3990,2674991
3991,2507935
3992,2583377
3993,377615
3994,55079
3995,1471761
3996,714067
3997,1380685
3998,2026
3999,2490858
4000,37482
4001,33986
4002,1378
4003,405212
4004,471514
4005,2622400
4006,1903704
4007,1214604
4008,2055160
4009,33943
4010,2677223
4011,1280
4012,1282
4013,2815305
4014,91994
4015,1288
4016,1283
4017,1290
4018,1286
4019,2044912
4020,170573
4021,29385
4022,1281
4023,246432
4024,308354
4025,214473
4026,46127
4027,985762
4028,33028
4029,29384
4030,45972
4031,61015
4032,1294
4033,1295
4034,28035
4035,155085
4036,1284
4037,2282419
4038,29388
4039,29382
4040,46126
4041,29378
4042,2781774
4043,70255
4044,1292
4045,29380
4046,29379
4047,985002
4048,1654388
4049,1296
4050,42858
4051,71237
4052,150056
4053,643214
4054,1461582
4055,946432
4056,1855823
4057,69966
4058,1903056
4059,2619255
4060,407035
4061,2628837
4062,1817405
4063,1639
4064,1643
4065,1638
4066,1641
4067,1640
4068,1006155
4069,2642072
4070,1642
4071,2756
4072,269673
4073,1584
4074,2620435
4075,47770
4076,1600
4077,33959
4078,1587
4079,1579
4080,267818
4081,2269374
4082,303541
4083,1596
4084,109790
4085,227945
4086,147802
4087,508451
4088,1604
4089,1218493
4090,1218494
4091,83683
4092,1613
4093,35787
4094,97478
4095,1598
4096,104955
4097,227942
4098,1633
4099,267363
4100,1580
4101,2292255
4102,637971
4103,47715
4104,88233
4105,1597
4106,57037
4107,1582
4108,2506420
4109,1583
4110,137591
4111,155866
4112,2683241
4113,1629
4114,1162633
4115,46256
4116,759620
4117,1631871
4118,165096
4119,304207
4120,1590
4121,1589
4122,60520
4123,1588
4124,33962
4125,1581
4126,152331
4127,1138822
4128,1246
4129,1245
4130,1511761
4131,33968
4132,1244
4133,1252
4134,136609
4135,33964
4136,255248
4137,2304606
4138,1602
4139,938155
4140,1074467
4141,1847728
4142,392416
4143,1007676
4144,2714036
4145,83526
4146,1612
4147,1623
4148,1624
4149,1622
4150,1605
4151,228229
4152,1601
4153,89059
4154,1610
4155,1607
4156,375175
4157,28038
4158,1599
4159,164393
4160,60519
4161,1247
4162,336988
4163,2203724
4164,2636988
4165,240427
4166,176292
4167,1670797
4168,51663
4169,114090
4170,187452
4171,1255
4172,468911
4173,1618
4174,82688
4175,2419772
4176,148814
4177,231049
4178,1614
4179,53444
4180,1625
4181,51664
4182,293371
4183,1296540
4184,1193095
4185,1720083
4186,1603
4187,1303590
4188,1307
4189,2608887
4190,1305
4191,1303
4192,45634
4193,119603
4194,28037
4195,1313
4196,1335
4197,1308
4198,2021971
4199,1314
4200,1326
4201,671232
4202,82348
4203,2173853
4204,1302
4205,1811193
4206,315405
4207,1348
4208,1310
4209,1318
4210,400065
4211,1341
4212,1345
4213,1304
4214,1343
4215,113107
4216,1340
4217,1349
4218,1311
4219,1888195
4220,1814128
4221,1309
4222,1329
4223,1346
4224,257758
4225,149016
4226,102684
4227,1111760
4228,1825069
4229,361101
4230,2382163
4231,33040
4232,1363
4233,1366
4234,1358
4235,1359
4236,1151742
4237,2643510
4238,1364
4239,2419773
4240,2749961
4241,37734
4242,53346
4243,33945
4244,1352
4245,2005703
4246,1351
4247,160453
4248,1354
4249,53345
4250,44008
4251,1805431
4252,2608891
4253,118060
4254,417368
4255,2714947
4256,2571750
4257,2648499
4258,218144
4259,519472
4260,2714946
4261,633807
4262,51669
4263,290335
4264,526944
4265,33970
4266,2751
4267,257487
4268,147709
4269,2748
4270,1868793
4271,2496265
4272,1868794
4273,708126
4274,2621505
4275,2632303
4276,29394
4277,119206
4278,51665
4279,1376
4280,128944
4281,1377
4282,87541
4283,2036206
4284,46125
4285,73918
4286,1297617
4287,2610894
4288,2060094
4289,86331
4290,2086584
4291,178898
4292,1981510
4293,853
4294,292800
4295,253239
4296,2643836
4297,2629304
4298,351091
4299,1550024
4300,1677857
4301,288965
4302,1515
4303,1796620
4304,1161942
4305,1264
4306,1160721
4307,2608920
4308,84032
4309,1521
4310,2488810
4311,1510
4312,2093857
4313,236753
4314,884684
4315,2614128
4316,1502
4317,1491
4318,36845
4319,1492
4320,169679
4321,1520
4322,1501
4323,1513
4324,1534
4325,217159
4326,36745
4327,1216932
4328,1488
4329,238834
4330,1716543
4331,1519
4332,1494
4333,1561
4334,29341
4335,1497
4336,84022
4337,182773
4338,94869
4339,1504
4340,1493
4341,46867
4342,394958
4343,332101
4344,1548
4345,1542
4346,2068654
4347,223919
4348,1509
4349,84023
4350,1538
4351,461876
4352,208226
4353,154046
4354,2638829
4355,2629145
4356,1424294
4357,2633479
4358,1498
4359,2619470
4360,116090
4361,471827
4362,79209
4363,339862
4364,1563
4365,885581
4366,1565
4367,1564
4368,59610
4369,1833852
4370,102134
4371,49338
4372,233055
4373,142877
4374,36854
4375,55583
4376,2635733
4377,51197
4378,863643
4379,1712410
4380,58138
4381,51515
4382,1871021
4383,89153
4384,66219
4385,29347
4386,2608895
4387,33035
4388,2648079
4389,1912897
4390,40520
4391,1322
4392,84030
4393,29370
4394,301301
4395,166486
4396,433286
4397,2696063
4398,2642604
4399,208479
4400,1531
4401,1679721
4402,831
4403,185008
4404,43305
4405,1229621
4406,105841
4407,649756
4408,116085
4409,410072
4410,2684943
4411,33038
4412,33039
4413,2643091
4414,29360
4415,28446
4416,185007
4417,39488
4418,39485
4419,617123
4420,2734
4421,1115758
4422,2626894
4423,1507512
4424,1505
4425,1490
4426,1496
4427,1731
4428,89152
4429,143361
4430,1511
4431,2649046
4432,626937
4433,35701
4434,356322
4435,1736
4436,53442
4437,29322
4438,2041044
4439,2624479
4440,2638182
4441,33952
4442,2619948
4443,86170
4444,863
4445,2293317
4446,2173034
4447,44260
4448,42837
4449,85874
4450,46354
4451,2636821
4452,106578
4453,2325
4454,108150
4455,583357
4456,161154
4457,129958
4458,911092
4459,44001
4460,2622462
4461,413888
4462,413889
4463,717609
4464,1222016
4465,52765
4466,52766
4467,55205
4468,1517
4469,2622527
4470,29329
4471,47490
4472,252966
4473,184064
4474,1794699
4475,2640322
4476,656519
4477,2331
4478,31909
4479,1323375
4480,42422
4481,28187
4482,2316383
4483,499229
4484,291990
4485,2751313
4486,375929
4487,2637378
4488,69823
4489,971
4490,437897
4491,158847
4492,865
4493,2629460
4494,365349
4495,2377
4496,1930071
4497,907
4498,2144175
4499,29466
4500,248315
4501,39777
4502,39778
4503,2161821
4504,39950
4505,905
4506,187327
4507,2639160
4508,33025
4509,2638206
4510,154288
4511,1547
4512,1522
4513,2624170
4514,1514105
4515,225084
4516,1648
4517,2485784
4518,1702221
4519,2487118
4520,39483
4521,2583452
4522,2704656
4523,1982626
4524,1555112
4525,54006
4526,54005
4527,1852373
4528,1260
4529,33034
4530,1870984
4531,1287640
4532,33033
4533,45497
4534,2638726
4535,1582259
4536,1278232
4537,1556
4538,2816908
4539,1852374
4540,1871025
4541,243899
4542,317577
4543,2623546
4544,502394
4545,309887
4546,1768108
4547,1211322
4548,2202254
4549,432329
4550,980427
4551,68909
4552,1182571
4553,1299
4554,1309411
4555,310783
4556,55148
4557,1182568
4558,274
4559,271
4560,2619321
4561,56957
4562,37636
4563,56956
4564,2483360
4565,456163
4566,52022
4567,277
4568,172827
4569,187137
4570,186192
4571,332249
4572,2626047
4573,32046
4574,33070
4575,2627006
4576,59930
4577,2622553
4578,146786
4579,32053
4580,292566
4581,2650499
4582,1184
4583,2619029
4584,1209493
4585,1219
4586,2627481
4587,2593292
4588,1173032
4589,2640012
4590,155978
4591,2593658
4592,92942
4593,224012
4594,1306274
4595,264686
4596,374162
4597,272131
4598,446679
4599,1165
4600,2619674
4601,142864
4602,1164
4603,2619626
4604,1973486
4605,938406
4606,32054
4607,2618749
4608,1397703
4609,136073
4610,2622029
4611,1166
4612,109266
4613,156213
4614,289435
4615,70799
4616,312883
4617,747548
4618,494603
4619,1197
4620,2676603
4621,2649714
4622,1158
4623,1155738
4624,63132
4625,1492710
4626,44471
4627,54304
4628,1205
4629,35823
4630,2023214
4631,43988
4632,241421
4633,28070
4634,92682
4635,2546365
4636,263510
4637,1453359
4638,1125
4639,669357
4640,102231
4641,268175
4642,102234
4643,33071
4644,54299
4645,54308
4646,102116
4647,2642663
4648,1188228
4649,1228987
4650,1763363
4651,85002
4652,500
4653,120961
4654,1107
4655,1806508
4656,2601677
4657,167964
4658,2635759
4659,913107
4660,1986204
4661,133453
4662,552811
4663,1839801
4664,1536648
4665,61435
4666,237581
4667,2509675
4668,525904
4669,1005039
4670,454171
4671,2683645
4672,86660
4673,28227
4674,2116
4675,2104
4676,2123
4677,2098
4678,65123
4679,656088
4680,50052
4681,2121
4682,2124
4683,519450
4684,142649
4685,136241
4686,353852
4687,29501
4688,538220
4689,2120
4690,2100
4691,29554
4692,45362
4693,2096
4694,51365
4695,92400
4696,92401
4697,29556
4698,2094
4699,2107
4700,171284
4701,171279
4702,114885
4703,114881
4704,114880
4705,76629
4706,53558
4707,48003
4708,33923
4709,29555
4710,29553
4711,28903
4712,2113
4713,2110
4714,29561
4715,171282
4716,171285
4717,295596
4718,2130
4719,134821
4720,216942
4721,2637901
4722,2137
4723,216946
4724,216944
4725,2139
4726,216933
4727,324079
4728,2138
4729,2143
4730,2134
4731,216936
4732,216931
4733,47835
4734,47834
4735,216932
4736,216934
4737,2145
4738,216945
4739,315358
4740,362837
4741,1114980
4742,225999
4743,138853
4744,2151
4745,2149
4746,216427
4747,324078
4748,74700
4749,81459
4750,214888
4751,215578
4752,61635
4753,264636
4754,38986
4755,29552
4756,2148
4757,85628
4758,85630
4759,85620
4760,85625
4761,1541959
4762,114
4763,1210884
4764,2622970
4765,2528023
4766,2774151
4767,2598579
4768,692036
4769,2650471
4770,2528024
4771,2528009
4772,2528022
4773,2527972
4774,1400387
4775,2527979
4776,2795974
4777,2528010
4778,2528021
4779,2527990
4780,2528017
4781,125
4782,2639138
4783,980254
4784,2527984
4785,2527968
4786,980251
4787,265606
4788,1331910
4789,2527974
4790,406548
4791,1387353
4792,466153
4793,128
4794,2648843
4795,2527983
4796,2527978
4797,2605989
4798,122
4799,2527973
4800,2527971
4801,2527976
4802,2527964
4803,2608982
4804,2528026
4805,2527989
4806,2527995
4807,1891926
4808,119
4809,2528019
4810,120
4811,2528027
4812,2527996
4813,2528007
4814,2527994
4815,2807512
4816,547188
4817,2528020
4818,1851148
4819,1941349
4820,1940790
4821,1936003
4822,174633
4823,2649488
4824,107709
4825,1838286
4826,2576891
4827,1796921
4828,395922
4829,2711230
4830,2736
4831,2625155
4832,2728835
4833,239935
4834,1679444
4835,2796139
4836,2730359
4837,1704307
4838,2628272
4839,431057
4840,511746
4841,1307763
4842,389348
4843,362787
4844,2643326
4845,83552
4846,71667
4847,83561
4848,340071
4849,810
4850,1930593
4851,89966
4852,323449
4853,299566
4854,1379908
4855,1649474
4856,120831
4857,107
4858,455076
4859,861914
4860,105
4861,978
4862,319458
4863,2173039
4864,2676247
4865,861913
4866,1433993
4867,396811
4868,390846
4869,246875
4870,68288
4871,280472
4872,232244
4873,59739
4874,290180
4875,281119
4876,273135
4877,869806
4878,1937972
4879,2782232
4880,308865
4881,59734
4882,1433995
4883,1778601
4884,28250
4885,501783
4886,34084
4887,1013
4888,59735
4889,237
4890,52959
4891,1016
4892,76831
4893,292691
4894,363408
4895,286104
4896,252356
4897,104267
4898,252306
4899,111500
4900,153265
4901,104264
4902,225842
4903,290174
4904,2058174
4905,291183
4906,261827
4907,326319
4908,221065
4909,112040
4910,527198
4911,143222
4912,336276
4913,393005
4914,83612
4915,417127
4916,2715289
4917,178469
4918,2045416
4919,2049301
4920,1649495
4921,1518147
4922,283735
4923,1209327
4924,1287916
4925,358023
4926,343334
4927,1535231
4928,1176327
4929,444459
4930,379070
4931,762641
4932,379068
4933,244698
4934,389486
4935,1204360
4936,2700084
4937,216431
4938,49277
4939,444051
4940,34098
4941,267986
4942,2828338
4943,332102
4944,1940138
4945,336809
4946,1755829
4947,2812019
4948,79328
4949,398041
4950,354354
4951,1860196
4952,2698688
4953,379899
4954,649461
4955,1769012
4956,1874621
4957,1004301
4958,649460
4959,28453
4960,84567
4961,423349
4962,1649482
4963,376469
4964,1773450
4965,929509
4966,239759
4967,816
4968,838
4969,577309
4970,1283313
4971,2815786
4972,1918540
4973,2518495
4974,195950
4975,375288
4976,909656
4977,836
4978,307628
4979,294702
4980,156973
4981,574697
4982,283168
4983,397864
4984,1348911
4985,346096
4986,2760873
4987,1970191
4988,1471399
4989,1193324
4990,2060722
4991,29549
4992,146919
4993,2349
4994,1007
4995,256319
4996,274493
4997,1101
4998,100715
4999,1134403
5000,795750
5001,1457365
5002,861299
5003,2646123
5004,173480
5005,1379270
5006,833
5007,459349
5008,1855912
5009,2602070
5010,1617967
5011,682795
5012,1198114
5013,926566
5014,1592106
5015,401053
5016,240015
5017,2763107
5018,204669
5019,2703788
5020,2763071
5021,2211140
5022,234267
5023,1473598
5024,981222
5025,981385
5026,42253
5027,1325564
5028,1936990
5029,1715989
5030,180
5031,178606
5032,1660083
5033,2715679
5034,906968
5035,545694
5036,2766701
5037,2787628
5038,1539298
5039,120683
5040,545695
5041,138851
5042,69713
5043,744872
5044,869209
5045,999434
5046,999432
5047,999426
5048,744515
5049,58231
5050,409322
5051,162
5052,221027
5053,869211
5054,665571
5055,889378
5056,158189
5057,760011
5058,158190
5059,573413
5060,1307761
5061,2518645
5062,252967
5063,1313291
5064,47466
5065,143
5066,1293575
5067,1104446
5068,445985
5069,476212
5070,29518
5071,29519
5072,408139
5073,28183
5074,2564040
5075,145259
5076,211880
5077,57678
5078,214675
5079,312175
5080,174
5081,28184
5082,1137606
5083,869212
5084,759914
5085,1161918
5086,1045858
5087,159
5088,1287055
5089,526224
5090,651822
5091,525903
5092,926567
5093,584708
5094,1197717
5095,885272
5096,891968
5097,572547
5098,580340
5099,2026885
5100,2093823
5101,1332188
5102,1551504
5103,2715734
5104,1408159
5105,1157948
5106,126738
5107,126740
5108,1157947
5109,1408160
5110,590168
5111,2336
5112,390874
5113,1123384
5114,688269
5115,771875
5116,381764
5117,310769
5118,2423
5119,2814656
5120,46541
5121,484019
5122,1236046
5123,660470
5124,521045
5125,1330330
5126,443254
5127,1006576
5128,2108365
5129,403833
5130,1441386
5131,381751
5132,75906
5133,638303
5134,224324
5135,608538
5136,1632019
5137,380749
5138,436114
5139,204536
5140,123214
5141,1298851
5142,648996
5143,868864
5144,2047767
5145,1936021
5146,667014
5147,2234087
5148,795359
5149,289377
5150,1653476
5151,76859
5152,76857
5153,76856
5154,155615
5155,856
5156,143387
5157,2663009
5158,2764326
5159,671211
5160,1307443
5161,469616
5162,469617
5163,469615
5164,572544
5165,712368
5166,1785996
5167,712357
5168,157687
5169,109328
5170,523794
5171,157691
5172,157688
5173,554406
5174,526218
5175,34105
5176,157692
5177,187101
5178,880073
5179,653733
5180,139438
5181,522772
5182,717231
5183,768670
5184,639282
5185,1408281
5186,1408204
5187,445932
5188,515635
5189,309799
5190,693075
5191,309798
5192,1235284
5193,1235283
5194,716546
5195,4891
5196,34346
5197,5267
5198,162474
5199,5234
5200,6033
5201,89593
5202,423054
5203,5820
5204,5864
5205,5873
5206,340080
5207,38748
5208,33847
5209,227086
5210,1286322
5211,5690
5212,2898
5213,464988
5214,55529
5215,5782
5216,5741
5217,2642239
5218,337243
5219,29284
5220,2247
5221,2703941
5222,2743088
5223,2634974
5224,755307
5225,1048396
5226,1547898
5227,660522
5228,1816183
5229,35746
5230,2252
5231,2246
5232,114529
5233,699433
5234,2629969
5235,60847
5236,293091
5237,2055893
5238,869886
5239,1198301
5240,869889
5241,2634096
5242,416273
5243,2257
5244,2624677
5245,1932004
5246,2238
5247,51589
5248,2610901
5249,57705
5250,430914
5251,146826
5252,2621901
5253,2648975
5254,1457250
5255,1407499
5256,2668073
5257,2242
5258,2639520
5259,2643768
5260,413810
5261,2648404
5262,1873524
5263,1604004
5264,2583824
5265,2631942
5266,62320
5267,588898
5268,2675099
5269,370324
5270,2622230
5271,69525
5272,88724
5273,69527
5274,2633955
5275,387341
5276,745377
5277,2044521
5278,387343
5279,2621923
5280,29288
5281,229731
5282,348826
5283,61858
5284,13769
5285,353800
5286,44930
5287,2209
5288,1715806
5289,2208
5290,418008
5291,2644672
5292,38027
5293,2214
5294,2210
5295,170861
5296,2215
5297,39669
5298,2177
5299,39664
5300,2176
5301,2226
5302,29291
5303,101192
5304,536044
5305,2322
5306,301375
5307,2224
5308,2223
5309,2198
5310,83986
5311,2201
5312,54120
5313,2315
5314,358766
5315,882104
5316,475088
5317,83984
5318,2203
5319,570267
5320,1175445
5321,1175444
5322,122420
5323,2016361
5324,246969
5325,2016373
5326,2008440
5327,1042877
5328,2598455
5329,1674923
5330,1293037
5331,195522
5332,72803
5333,163003
5334,1432656
5335,49899
5336,523850
5337,277988
5338,71998
5339,54077
5340,2586643
5341,53952
5342,593117
5343,187880
5344,69014
5345,1505907
5346,1712654
5347,391623
5348,71997
5349,523849
5350,582419
5351,54262
5352,604354
5353,529709
5354,1609559
5355,2261
5356,272844
5357,70601
5358,1183377
5359,1343739
5360,2638681
5361,230361
5362,83816
5363,2173
5364,294671
5365,2162
5366,877455
5367,118062
5368,868131
5369,59277
5370,2643926
5371,2317
5372,2631116
5373,145262
5374,145263
5375,1301915
5376,67760
5377,73913
5378,2641196
5379,2190
5380,83171
5381,2189
5382,39152
5383,42879
5384,2187
5385,2188
5386,155863
5387,2624956
5388,387631
5389,1344584
5390,693661
5391,572546
5392,113653
5393,589924
5394,190192
5395,1937004
5396,1937005
5397,1353260
5398,1826872
5399,1798806
5400,497727
5401,1459637
5402,1034015
5403,2045011
5404,1470066
5405,1470067
5406,1229908
5407,1959104
5408,1229909
5409,2508726
5410,1580092
5411,436308
5412,1582439
5413,2259673
5414,1898749
5415,1603555
5416,2259672
5417,1846278
5418,1903276
5419,1410606
5420,1874277
5421,1104324
5422,121277
5423,70771
5424,181486
5425,13773
5426,2277
5427,184117
5428,2271
5429,985052
5430,164451
5431,76887
5432,2269
5433,2620628
5434,1365176
5435,1550241
5436,2641160
5437,43080
5438,2285
5439,312539
5440,282676
5441,41673
5442,2283
5443,563177
5444,79601
5445,1532350
5446,1006005
5447,1670455
5448,1294262
5449,111955
5450,69656
5451,2287
5452,41675
5453,160233
5454,54259
5455,1200300
5456,56636
5457,229980
5458,54254
5459,2275
5460,94694
5461,2280
5462,84599
5463,1273541
5464,54252
5465,54248
5466,2635519
5467,242703
5468,683846
5469,374847
5470,1291540
5471,1406512
5472,1577791
5473,273075
5474,273116
5475,333146
5476,74969
5477,1673428
5478,263820
5479,673860
5480,439481
5481,2594042
5482,2282148
5483,1920749
5484,2182360
5485,2794947
5486,2591211
5487,279303
5488,1524882
5489,2250335
5490,2601610
5491,981330
5492,1647304
5493,1838062
5494,658401
5495,2713262
5496,754070
5497,754066
5498,691963
5499,1664246
5500,1647476
5501,1647470
5502,10702
5503,2126925
5504,1327959
5505,1527493
5506,1109711
5507,416419
5508,1647474
5509,2250336
5510,2794946
5511,1647305
5512,1647309
5513,504346
5514,322855
5515,12417
5516,2517971
5517,2656534
5518,1445727
5519,1414737
5520,2656526
5521,1821559
5522,573591
5523,1414742
5524,1838081
5525,1838072
5526,909297
5527,906669
5528,2656582
5529,2599838
5530,2591132
5531,1821553
5532,2250352
5533,2283267
5534,294631
5535,754044
5536,753085
5537,2729575
5538,45764
5539,1589748
5540,59241
5541,1964565
5542,1647471
5543,753084
5544,747763
5545,1647475
5546,2026102
5547,2315217
5548,1690818
5549,1109713
5550,2507858
5551,1105171
5552,2759389
5553,2099336
5554,319522
5555,1982746
5556,1982747
5557,2301302
5558,2562717
5559,1195070
5560,861044
5561,1034114
5562,1993872
5563,2315863
5564,1982898
5565,1982900
5566,1623295
5567,1982897
5568,1982899
5569,2562661
5570,1089111
5571,1041807
5572,1993873
5573,1211282
5574,28369
5575,540068
5576,1225862
5577,2003504
5578,205870
5579,1993867
5580,1993865
5581,1034108
5582,1993863
5583,2733152
5584,2733154
5585,2733155
5586,2733153
5587,1982880
5588,1982881
5589,1982895
5590,1982879
5591,2562663
5592,2560504
5593,2562660
5594,1089120
5595,2700041
5596,1983734
5597,2169636
5598,2169635
5599,2734236
5600,1982358
5601,1982357
5602,2306284
5603,2560784
5604,2560783
5605,1211643
5606,2734266
5607,2734267
5608,2169634
5609,2169633
5610,2560847
5611,2560848
5612,2560688
5613,2570373
5614,2201169
5615,2520510
5616,2762717
5617,2560786
5618,2734229
5619,2201166
5620,2734288
5621,2734264
5622,2734268
5623,1982098
5624,2170253
5625,2170254
5626,1982375
5627,2315855
5628,2560359
5629,2560487
5630,1623301
5631,1983744
5632,279383
5633,462590
5634,2734226
5635,2734242
5636,1089135
5637,2267238
5638,1776684
5639,2734255
5640,2734215
5641,2201441
5642,2182400
5643,2169812
5644,205872
5645,2734258
5646,2744481
5647,2169611
5648,1982570
5649,1982151
5650,2744421
5651,2560485
5652,1982080
5653,2171586
5654,2560588
5655,2560498
5656,2560505
5657,2560501
5658,2560594
5659,2560590
5660,2560792
5661,2734219
5662,2734213
5663,2560303
5664,2733156
5665,2734279
5666,2560395
5667,2734284
5668,2734280
5669,2734281
5670,2734216
5671,2734218
5672,2560506
5673,2169613
5674,2560407
5675,2734250
5676,2169652
5677,2169870
5678,2169872
5679,2169655
5680,2734247
5681,2734243
5682,2560595
5683,2733160
5684,2560150
5685,2560388
5686,1982088
5687,1910991
5688,1910993
5689,1623292
5690,1623293
5691,1982229
5692,10719
5693,225588
5694,2734239
5695,2234106
5696,2560499
5697,2734241
5698,1954378
5699,2560592
5700,2560491
5701,2734248
5702,2560782
5703,2734251
5704,2734252
5705,2560111
5706,1909389
5707,1982087
5708,2560785
5709,2734237
5710,2734292
5711,2734230
5712,2560721
5713,1921125
5714,235201
5715,2734217
5716,1920751
5717,2560596
5718,2734214
5719,1982369
5720,2731208
5721,2560514
5722,329254
5723,2560625
5724,1982265
5725,1982091
5726,1982567
5727,2734263
5728,2734277
5729,2005060
5730,2448213
5731,2169654
5732,2734276
5733,2734274
5734,1982563
5735,1982561
5736,1109716
5737,1982225
5738,546805
5739,1007869
5740,1503929
5741,2593333
5742,2201420
5743,1150991
5744,1173297
5745,238854
5746,1161927
5747,2713256
5748,754075
5749,2547425
5750,1127516
5751,1079999
5752,573172
5753,1864622
5754,1880590
5755,536466
5756,458639
5757,1560342
5758,2767579
5759,2749430
5760,1279082
5761,2588520
5762,2596673
5763,1493513
5764,1892568
5765,10663
5766,227470
5767,1913652
5768,1914165
5769,1198137
5770,1913650
5771,1913654
5772,1913653
5773,2733081
5774,2732982
5775,2733083
5776,2732974
5777,2734129
5778,2594900
5779,1980923
5780,1133560
5781,2006134
5782,1980948
5783,1980951
5784,2560301
5785,2508196
5786,1914850
5787,1914851
5788,2734081
5789,2734080
5790,2560286
5791,1918726
5792,2560443
5793,2560671
5794,2560543
5795,2560666
5796,2560665
5797,1231361
5798,2560682
5799,2738809
5800,2560261
5801,1984784
5802,2733117
5803,1980937
5804,1980925
5805,1980926
5806,2560751
5807,2560849
5808,1980944
5809,2733109
5810,2734085
5811,1912143
5812,233894
5813,2734083
5814,261726
5815,499235
5816,2752794
5817,2560463
5818,2733099
5819,2734096
5820,2734089
5821,2734123
5822,2560406
5823,2560700
5824,2560400
5825,2560834
5826,2734116
5827,2560336
5828,2560435
5829,2752533
5830,1985293
5831,1984796
5832,1198980
5833,1984773
5834,431894
5835,2734141
5836,1084719
5837,2734153
5838,2169883
5839,2594891
5840,2752797
5841,2733136
5842,1921409
5843,1636617
5844,2708562
5845,2053723
5846,1188795
5847,2725606
5848,2590948
5849,2713257
5850,179237
5851,2315703
5852,2182408
5853,1978007
5854,1131315
5855,2079289
5856,2053813
5857,1881383
5858,2316154
5859,2596674
5860,1051675
5861,1563661
5862,373126
5863,242527
5864,644524
5865,1195073
5866,1136535
5867,2529391
5868,2734159
5869,2169963
5870,1982578
5871,484895
5872,1922330
5873,2560611
5874,1920762
5875,2732683
5876,2732688
5877,2732684
5878,2732929
5879,2732931
5880,2732932
5881,2560297
5882,1316739
5883,1161935
5884,1415145
5885,2732921
5886,2733951
5887,1985736
5888,2733952
5889,438482
5890,2732910
5891,2732913
5892,2732917
5893,2731673
5894,2731677
5895,2733941
5896,2733935
5897,2733922
5898,2560679
5899,2560655
5900,2733965
5901,2733946
5902,477967
5903,2732928
5904,2733932
5905,2733928
5906,2733924
5907,2732939
5908,2733892
5909,2572874
5910,1921016
5911,1985181
5912,1910931
5913,2732968
5914,1857844
5915,2732970
5916,1978922
5917,1636182
5918,2555548
5919,1785960
5920,2267403
5921,2601680
5922,2169532
5923,2169534
5924,2732017
5925,187218
5926,2560156
5927,187217
5928,2026949
5929,1920864
5930,10294
5931,10319
5932,1232637
5933,180255
5934,10365
5935,10397
5936,548689
5937,10358
5938,33706
5939,10375
5940,35249
5941,548688
5942,10379
5943,548687
5944,180230
5945,150286
5946,10401
5947,1349410
5948,1349409
5949,1605721
5950,2107708
5951,2107707
5952,2107709
5953,1450746
5954,1273747
5955,1273752
5956,1273746
5957,1273751
5958,1183239
5959,1678078
5960,1810950
5961,1813598
5962,694581
5963,999883
5964,1421067
5965,308906
5966,10492
5967,10494
5968,10491
5969,2065215
5970,880158
5971,373996
5972,1474867
5973,455364
5974,39420
5975,181082
5976,2501774
5977,212035
5978,985782
5979,1513235
5980,10257
5981,1285599
5982,2733300
5983,10260
5984,10278
5985,10242
5986,10286
5987,2733302
5988,62098
5989,2015370
5990,1146873
5991,129950
5992,1986019
5993,130369
5994,190061
5995,1548417
5996,691961
5997,1154689
5998,1723446
5999,2501931
6000,2499607
6001,2508228
6002,694017
6003,12270
6004,1534544
6005,1041883
6006,1591444
6007,12471
6008,46619
6009,12196
6010,40640
6011,75746
6012,526119
6013,1239577
6014,336962
6015,1516075
6016,35303
6017,1298653
6018,11271
6019,1972611
6020,2560076
6021,186458
6022,1980517
6023,2560196
6024,64293
6025,11085
6026,35279
6027,1985360
6028,352927
6029,1206566
6030,243563
6031,1911600
6032,228582
6033,10988
6034,10882
6035,10985
6036,939922
6037,2169857
6038,1922455
6039,1922821
6040,1922359
6041,1922558
6042,1922542
6043,1923650
6044,1922713
6045,1088890
6046,1608133
6047,1516128
6048,1985188
6049,328670
6050,2011125
6051,10454
6052,10455
6053,166921
6054,10449
6055,1850906
6056,161494
6057,332054
6058,1346829
6059,1307956
6060,28288
6061,447897
6062,10456
6063,74660
6064,307467
6065,51313
6066,56947
6067,307444
6068,204507
6069,2169615
6070,1052159
6071,1513241
6072,1236395
6073,10806
6074,185880
6075,1507401
6076,932070
6077,1985409
6078,2219138
6079,2219133
6080,2734333
6081,300186
6082,2493124
6083,523909
6084,693627
6085,39640
6086,2776735
6087,1529056
6088,258594
6089,1967781
6090,34021
6091,531813
6092,1933911
6093,85701
6094,2259883
6095,2478912
6096,509190
6097,92945
6098,391036
6099,1170710
6100,1429399
6101,312153
6102,1449778
6103,491
6104,1386087
6105,2079596
6106,40214
6107,29447
6108,442694
6109,648691
6110,1284804
6111,2742649
6112,2675711
6113,2742625
6114,2742627
6115,283686
6116,54291
6117,1050617
6118,866768
6119,1502658
6120,199310
6121,2675779
6122,2675773
6123,2675790
6124,2675784
6125,2675780
6126,424718
6127,1758196
6128,470934
6129,1407064
6130,1258543
6131,2518976
6132,571428
6133,1507522
6134,1241832
6135,655384
6136,98795
6137,2518975
6138,2495405
6139,118109
6140,1226343
6141,587
6142,584
6143,582
6144,2053669
6145,1208320
6146,1675689
6147,2785913
6148,1300254
6149,1761891
6150,649161
6151,2752475
6152,2759705
6153,864336
6154,40269
6155,66976
6156,450
6157,1401251
6158,539329
6159,2732590
6160,1125411
6161,1972134
6162,650377
6163,725
6164,262727
6165,115545
6166,716
6167,1433287
6168,731
6169,870
6170,488546
6171,47874
6172,1963032
6173,2107999
6174,1249
6175,271881
6176,1353
6177,29323
6178,2682456
6179,2636055
6180,264691
6181,2596745
6182,2118
6183,141391
6184,2128
6185,2111
6186,2099
6187,142651
6188,45361
6189,171281
6190,2109
6191,42094
6192,216937
6193,2133
6194,219745
6195,158
6196,160
6197,314723
6198,1435045
6199,142
6200,2608247
6201,2761123
6202,1081646
6203,139
6204,1964448
6205,293071
6206,52584
6207,160798
6208,285729
6209,1307442
6210,55802
6211,342949
6212,2627676
6213,2180
6214,43687
6215,2301621
6216,2301561
6217,1131316
6218,1109712
6219,1636200
6220,1458831
6221,578234
6222,2656547
6223,754053
6224,754049
6225,2593268
6226,2591031
6227,2488789
6228,2507854
6229,2719575
6230,2178923
6231,1089121
6232,929835
6233,1109710
6234,2743909
6235,1500757
6236,2743990
6237,1034140
6238,1034136
6239,373405
6240,2560488
6241,2560512
6242,1623277
6243,2022449
6244,1623280
6245,2560484
6246,1982102
6247,2315856
6248,1982109
6249,2170239
6250,329156
6251,2560790
6252,1982560
6253,2169601
6254,2560778
6255,2233782
6256,2560509
6257,1982251
6258,1982559
6259,1982562
6260,2734222
6261,2560589
6262,2560493
6263,1921544
6264,2733215
6265,1623289
6266,2733169
6267,37554
6268,2169871
6269,1982365
6270,2734278
6271,2560683
6272,1921698
6273,2560494
6274,2560387
6275,2734285
6276,2733162
6277,2733220
6278,2734291
6279,2560492
6280,2560703
6281,2560591
6282,40631
6283,2733202
6284,2560333
6285,2560307
6286,1982237
6287,2560158
6288,2734246
6289,2734238
6290,1921548
6291,2734245
6292,1982085
6293,2053812
6294,1235689
6295,2565510
6296,2588517
6297,2699738
6298,680287
6299,186846
6300,338473
6301,2489597
6302,545932
6303,2734160
6304,268747
6305,536444
6306,445686
6307,749413
6308,331278
6309,2589665
6310,1026955
6311,1985325
6312,2734084
6313,680114
6314,2734145
6315,2560833
6316,2734132
6317,2520516
6318,1984777
6319,2734102
6320,2733115
6321,2734109
6322,2752547
6323,2734111
6324,2734147
6325,2560095
6326,680115
6327,2560541
6328,2560689
6329,1980947
6330,1980936
6331,2182344
6332,2734114
6333,2732909
6334,2732924
6335,2560202
6336,2732920
6337,2732938
6338,2732930
6339,2733919
6340,2732691
6341,2732686
6342,2733959
6343,2733895
6344,2733957
6345,2731937
6346,2733925
6347,2733949
6348,1985730
6349,347327
6350,1922327
6351,1857845
6352,2419930
6353,2650877
6354,2169688
6355,2738376
6356,2732038
6357,2732013
6358,2733996
6359,2733975
6360,1920865
6361,180252
6362,317878
6363,389214
6364,1675866
6365,1675865
6366,1962501
6367,1580580
6368,268591
6369,2169746
6370,36355
6371,1986290
6372,362830
6373,1903266
6374,1273749
6375,425386
6376,1685747
6377,346674
6378,2023057
6379,2035708
6380,113366
6381,2733299
6382,2005509
6383,10497
6384,1146877
6385,130308
6386,696859
6387,1282967
6388,326574
6389,1501716
6390,72750
6391,1514896
6392,1296569
6393,333347
6394,1172985
6395,1249508
6396,1299311
6397,471717
6398,2507291
6399,11572
6400,92444
6401,1648481
6402,32624
6403,40666
6404,2219105
6405,1670669
6406,10892
6407,1923674
6408,1923667
6409,1923210
6410,1922536
6411,1922905
6412,1923464
6413,1532180
6414,107324
6415,1181310
6416,1246650
6417,1891774
6418,2747317
6419,2734334
6420,1977412
6421,10484
6422,342409
6423,1580591
6424,1933910
6425,283165
6426,2630218
6427,35806
6428,451514
6429,1977864
6430,28090
6431,83617
6432,2675713
6433,1463165
6434,1703250
6435,2683822
6436,2233553
6437,2814546
6438,991915
6439,2675778
6440,2675776
6441,614
6442,630
6443,1241884
6444,1241859
6445,98793
6446,204039
6447,1905730
6448,114185
6449,651
6450,1300256
6451,247523
6452,29494
6453,1208308
6454,1304890
6455,729
6456,1261126
6457,85404
6458,1263829
6459,463
6460,263
6461,1085647
6462,97084
6463,285530
6464,543886
6465,2767881
6466,2490633
6467,28033
6468,31899
6469,33037
6470,29559
6471,45363
6472,984991
6473,142650
6474,545776
6475,141
6476,1408429
6477,1674146
6478,508536
6479,176
6480,860
6481,1307444
6482,224325
6483,498374
6484,200415
6485,46632
6486,74968
6487,2557554
6488,1589297
6489,1141137
6490,1162304
6491,2734260
6492,2560684
6493,1984798
6494,1922329
6495,1647473
6496,1805457
6497,2652415
6498,2656540
6499,2419978
6500,1755689
6501,1587907
6502,1051143
6503,1089128
6504,1983735
6505,2049886
6506,1623288
6507,1982268
6508,1982557
6509,2744423
6510,2733196
6511,2283289
6512,2734272
6513,2733208
6514,1982360
6515,2734286
6516,1982239
6517,2733171
6518,2560486
6519,1982076
6520,1623285
6521,1623284
6522,1623283
6523,1921545
6524,1299429
6525,1623302
6526,1913591
6527,1283076
6528,1498228
6529,115991
6530,1985329
6531,2169882
6532,1914852
6533,2560542
6534,2560628
6535,2560629
6536,2734150
6537,2734122
6538,2752521
6539,2560337
6540,1980950
6541,2733124
6542,2733128
6543,2734140
6544,2734142
6545,2734078
6546,1915205
6547,1622234
6548,2733917
6549,1985711
6550,2169536
6551,508441
6552,38062
6553,1653395
6554,2501997
6555,2733246
6556,2501963
6557,2508227
6558,12844
6559,1323525
6560,64310
6561,2083198
6562,2170544
6563,977913
6564,1678168
6565,327108
6566,10911
6567,1923125
6568,1923075
6569,1922352
6570,1923262
6571,1922750
6572,1923566
6573,1922770
6574,1922928
6575,1922376
6576,1100043
6577,1262530
6578,566270
6579,1307954
6580,320432
6581,166056
6582,10506
6583,46021
6584,10487
6585,113370
6586,10282
6587,129955
6588,1146875
6589,714310
6590,1546257
6591,2065054
6592,33047
6593,595605
6594,1085
6595,486
6596,2578110
6597,413503
6598,585034
6599,2675793
6600,624
6601,553
6602,552
6603,261318
6604,642227
6605,579405
6606,636
6607,2676541
6608,314275
6609,166935
6610,2014742
6611,672
6612,622488
6613,228400
6614,1433513
6615,1754
6616,2112
6617,33925
6618,168
6619,29520
6620,290434
6621,173
6622,2676525
6623,2625095
6624,1128108
6625,2316
6626,2510508
6627,2126933
6628,370623
6629,2283265
6630,2662138
6631,1327970
6632,10704
6633,1981049
6634,2560214
6635,1921712
6636,2733195
6637,1982089
6638,1982108
6639,2734244
6640,1993859
6641,2560360
6642,2562522
6643,2041855
6644,2733201
6645,2734283
6646,1913112
6647,1273755
6648,2732976
6649,417280
6650,1984783
6651,2599764
6652,754052
6653,329158
6654,1982590
6655,1982576
6656,1911929
6657,1918721
6658,2731621
6659,2560546
6660,1920860
6661,1920866
6662,58094
6663,1987479
6664,208013
6665,558017
6666,1590154
6667,1930507
6668,108098
6669,298334
6670,1986022
6671,2560080
6672,294365
6673,336476
6674,10912
6675,1740646
6676,2747320
6677,1654582
6678,2578113
6679,935547
6680,281
6681,2740297
6682,1224746
6683,1468409
6684,1281885
6685,528354
6686,644357
6687,115714
6688,1420012
6689,1463164
6690,640131
6691,2742646
6692,2566012
6693,2697370
6694,2742641
6695,2742674
6696,290339
6697,2799495
6698,404399
6699,930406
6700,941323
6701,2810408
6702,2675781
6703,2675783
6704,2675789
6705,373383
6706,1282357
6707,1454377
6708,1839800
6709,657335
6710,634499
6711,1265350
6712,2518980
6713,2518979
6714,2518977
6715,1921549
6716,634503
6717,529507
6718,2661587
6719,646
6720,529120
6721,2601269
6722,693973
6723,1312369
6724,1315275
6725,1420885
6726,434922
6727,1293501
6728,1321945
6729,1232659
6730,1334187
6731,754345
6732,1340425
6733,257277
6734,2766470
6735,1917441
6736,2633649
6737,1612150
6738,57372
6739,2097
6740,171632
6741,216938
6742,216935
6743,2136
6744,85632
6745,999431
6746,1291379
6747,161
6748,1293576
6749,412419
6750,1328311
6751,62088
6752,498741
6753,1042417
6754,1133568
6755,309803
6756,1123383
6757,416591
6758,1462747
6759,1176423
6760,2652414
6761,2591131
6762,2041344
6763,2315704
6764,1572712
6765,2656542
6766,1414739
6767,1147137
6768,691966
6769,864178
6770,2783540
6771,1109717
6772,2725614
6773,756275
6774,2743924
6775,871584
6776,2494563
6777,2315475
6778,2301714
6779,2283303
6780,2218618
6781,2079417
6782,2072797
6783,1983555
6784,2599852
6785,1647472
6786,2656532
6787,437329
6788,255431
6789,52979
6790,447909
6791,1034133
6792,1211281
6793,205868
6794,2734223
6795,2734225
6796,205879
6797,1034111
6798,2734253
6799,2734227
6800,1910992
6801,1982078
6802,1982084
6803,2734221
6804,1982096
6805,2560789
6806,1981048
6807,1982373
6808,1982569
6809,2734256
6810,2734282
6811,2560502
6812,2560298
6813,1982238
6814,2560489
6815,2560503
6816,2560490
6817,2560511
6818,2560705
6819,374422
6820,1982364
6821,2560729
6822,2560608
6823,1982148
6824,1982554
6825,1982370
6826,1982107
6827,1982240
6828,1982241
6829,2734261
6830,1188794
6831,2734231
6832,2560500
6833,1982368
6834,2050979
6835,1982218
6836,1921130
6837,1982111
6838,1273742
6839,1493509
6840,382359
6841,925984
6842,1262527
6843,2023998
6844,2508071
6845,2419618
6846,33771
6847,2202564
6848,1567013
6849,1883368
6850,1278479
6851,1340810
6852,1035662
6853,2767570
6854,279006
6855,2006139
6856,2560305
6857,2201163
6858,2560131
6859,2732987
6860,2732985
6861,1198140
6862,1985292
6863,209052
6864,2560302
6865,2562722
6866,2560831
6867,2560673
6868,2734115
6869,2734106
6870,2752534
6871,2560434
6872,2734128
6873,2734156
6874,2560676
6875,2560283
6876,2560244
6877,2734144
6878,2734095
6879,2752535
6880,2738374
6881,2734127
6882,2560495
6883,1980945
6884,1925779
6885,2560545
6886,2560269
6887,2560154
6888,1417599
6889,2108116
6890,2590877
6891,1054968
6892,2583039
6893,2604899
6894,754069
6895,279280
6896,2169962
6897,2734189
6898,2734190
6899,2034348
6900,2560658
6901,1917990
6902,2560160
6903,857474
6904,857312
6905,2510943
6906,2732693
6907,1985720
6908,2732695
6909,2732692
6910,2732681
6911,2732687
6912,1920774
6913,2732912
6914,1197951
6915,1273711
6916,2731674
6917,2733939
6918,2733954
6919,2731928
6920,2560112
6921,2732016
6922,2560180
6923,2686437
6924,1527770
6925,2731624
6926,1564096
6927,2734034
6928,2734043
6929,1981042
6930,2560227
6931,2734030
6932,2734031
6933,2732960
6934,40272
6935,85655
6936,1513231
6937,262177
6938,490711
6939,46015
6940,1642929
6941,46242
6942,98383
6943,2072024
6944,1986291
6945,262175
6946,249151
6947,130556
6948,712037
6949,1262528
6950,1273748
6951,1859492
6952,1685755
6953,1868621
6954,40070
6955,322019
6956,381899
6957,37665
6958,1586712
6959,130309
6960,190064
6961,1534553
6962,2169699
6963,2049890
6964,1714273
6965,693995
6966,2499605
6967,2508240
6968,1534549
6969,1511783
6970,1089138
6971,1027947
6972,187978
6973,373398
6974,1872708
6975,11103
6976,11082
6977,229030
6978,1416026
6979,185955
6980,48543
6981,656190
6982,103722
6983,1871631
6984,37206
6985,328429
6986,1921557
6987,2560069
6988,186536
6989,1435457
6990,2560074
6991,1980421
6992,10979
6993,699182
6994,2560291
6995,271257
6996,1923685
6997,1922874
6998,1922598
6999,1923132
7000,1923357
7001,1923219
7002,1922492
7003,1922614
7004,1923261
7005,1923778
7006,1922722
7007,2219106
7008,1849543
7009,862943
7010,1561150
7011,153135
7012,128941
7013,526476
7014,223313
7015,858516
7016,134681
7017,223321
7018,1985421
7019,2169869
7020,345249
7021,934804
7022,935650
7023,333750
7024,333938
7025,1519097
7026,10869
7027,1385657
7028,1351702
7029,315953
7030,2054610
7031,176106
7032,858422
7033,364410
7034,242231
7035,2742677
7036,28141
7037,54736
7038,2778654
7039,2675796
7040,66269
7041,667120
7042,1157951
7043,187493
7044,43657
7045,190893
7046,80852
7047,1434214
7048,732
7049,697331
7050,2732587
7051,34067
7052,191291
7053,920
7054,191303
7055,140
7056,521010
7057,2175
7058,2599848
7059,1195075
7060,2734254
7061,2448216
7062,2169705
7063,2734270
7064,2560706
7065,2560791
7066,1918720
7067,2749260
7068,1309583
7069,1920764
7070,2734188
7071,1987939
7072,1883365
7073,2006136
7074,2560306
7075,2560685
7076,2733139
7077,2734157
7078,1273750
7079,325348
7080,153057
7081,1653394
7082,371833
7083,152217
7084,12163
7085,343865
7086,1923108
7087,10265
7088,181084
7089,1962299
7090,208973
7091,1460070
7092,1985403
7093,693629
7094,2072209
7095,68242
7096,1923
7097,197614
7098,2749962
7099,224911
7100,2740298
7101,1225179
7102,90322
7103,770
7104,1262456
7105,360910
7106,341029
7107,2743971
7108,2781976
7109,2742629
7110,2500543
7111,83333
7112,696406
7113,1401688
7114,2773707
7115,2778657
7116,1045010
7117,1906660
7118,2675786
7119,150052
7120,1660040
7121,1223572
7122,1263550
7123,1160720
7124,287094
7125,332186
7126,747457
7127,383749
7128,209841
7129,47735
7130,1155096
7131,1437364
7132,1545835
7133,2608321
7134,335797
7135,1445858
7136,2591212
7137,2250371
7138,1887644
7139,1538804
7140,861045
7141,1034152
7142,1056831
7143,1032892
7144,2003502
7145,1993884
7146,1034150
7147,2594692
7148,2170234
7149,1034100
7150,1034099
7151,1982261
7152,1982276
7153,1982363
7154,1623300
7155,2560124
7156,297254
7157,2560787
7158,1982081
7159,1229760
7160,2024252
7161,2696379
7162,260149
7163,1913651
7164,2732981
7165,1984778
7166,244310
7167,2734088
7168,2560436
7169,2560086
7170,2734105
7171,1984787
7172,1980942
7173,1526550
7174,1529058
7175,1406780
7176,1920761
7177,1918522
7178,1987150
7179,2184035
7180,2734191
7181,2560335
7182,298338
7183,2510942
7184,110456
7185,2732694
7186,2732685
7187,2732677
7188,2733964
7189,2732925
7190,2732927
7191,2732933
7192,2733899
7193,2733927
7194,2733956
7195,2733889
7196,2733931
7197,2560189
7198,2732966
7199,2733997
7200,1262513
7201,59376
7202,307454
7203,1234888
7204,358403
7205,10275
7206,2170002
7207,346173
7208,1193420
7209,130327
7210,513550
7211,2508210
7212,2499606
7213,1714618
7214,310907
7215,1493858
7216,1714570
7217,2058620
7218,32619
7219,39718
7220,1868215
7221,937809
7222,1527523
7223,2169998
7224,11041
7225,2170081
7226,2170088
7227,59563
7228,349681
7229,759389
7230,1662464
7231,321302
7232,31559
7233,1923558
7234,1923406
7235,1923421
7236,1923152
7237,1923549
7238,1500865
7239,1891766
7240,1513243
7241,2747318
7242,419435
7243,53988
7244,2012640
7245,687341
7246,2065056
7247,10479
7248,1123964
