"","SRR11092499","SRR11092502","SRR11092506","SRR11092509","SRR11092512","t.0n7bM2TOMPOOA100365","t.1qGgM2TOMPOOM080340","t.9JUZM2TOMPOOB100355","t.a50wM2TOMPOOB051350","t.abKIM2TOMPOOA051320","t.aFJgM2TOMPOOM090325","t.AYtCM2TOMPOOA100360","t.cSObM2TOMPOOM080315","t.cuu6M2TOMPOOB051315","t.dSz8M2TOMPOOA051340","t.DYZgM2TOMPOOB100370","t.FvY2M2TOMPOOB051329","t.IGpcM2TOMPOOB051290","t.iYASM2TOMPOOA050195","t.nG3jM2TOMPOOA051345","t.Nm8MM2TOMPOOA051300","t.OeS0M2TOMPOOA051355","t.s9OmM2TOMPOOB051285","t.TECcM2TOMPOOA051310","t.vcXtM2TOMPOOB050180","t.wQqUM2TOMPOOA080335","t.XR8LM2TOMPOOB051125","nodos","degrees","closeness","betweenness"
"286727",0.000113670153032503,0.00012182857304592,0.000121284657330842,0.000120629976549172,0.000138061463648745,0.000173595540944941,0.000248266109673735,0.00013647374586314,0.00017663705713217,0.000146450512009887,0.000127433989193598,0.000146614662517017,0.000129550351857088,0.000153681344974014,0.000141401563929205,0.00018124684796524,0.00018677614853561,0.000155233062513122,0.000186019539333534,0.00015521589144644,0.000171686668874848,0.000168722414544294,0.000155458584748428,0.000158122089359405,0.000168998484646921,0.000138838287235227,0.000153346229532455,"v_679",119,1.58712524005269e-05,2012.08078624316
"265959",3.60857628674613e-05,4.15324680838365e-05,3.52013517319065e-05,3.87096193404061e-05,3.90808905037454e-05,5.81400742832226e-05,4.12399124097326e-05,3.41184364657849e-05,5.32115198847357e-05,6.33044148687898e-05,4.17549666719448e-05,4.67919135692609e-05,4.83728781612301e-05,6.2600474466479e-05,6.09329107721246e-05,6.42433176863095e-05,6.00888413519388e-05,5.69435476523413e-05,7.51360061009113e-05,6.26406990480277e-05,6.79524674131809e-05,5.37802696359937e-05,6.04274233075286e-05,6.88489930752407e-05,6.56494113436116e-05,3.92162815880823e-05,6.17561663681288e-05,"v_699",295,1.67450895025034e-05,3581.49168689059
"524",1.40734475183099e-05,1.44594518514097e-05,1.5680602135122e-05,1.5003728426514e-05,1.75316144315867e-05,3.3811958093789e-05,2.42479663166356e-05,2.11209368597716e-05,3.02266621830451e-05,4.25178905835155e-05,1.89795303054294e-05,3.34931591864183e-05,2.91905299248803e-05,3.72219037368253e-05,4.65136723451333e-05,4.59324203747527e-05,4.33140398078559e-05,4.13459672084391e-05,4.33604264282792e-05,4.82277948422868e-05,4.1034098679457e-05,3.62050181209631e-05,3.279608017118e-05,3.49186280668685e-05,4.22496211617302e-05,2.53008268310208e-05,3.66956930593229e-05,"v_708",181,1.70378068934967e-05,3582.24929549215
"2560053",0.000141456190440448,0.000151362772572204,0.000114564399272932,0.000167141534671366,0.00013221759217155,0.000204521112372187,0.000155591117198412,0.000193337806639448,0.000180100528840644,0.000171331351684685,0.000138279435082415,0.000179122728786188,0.000160686917110293,0.000164396741504312,0.000218149123298675,0.000191488536292043,0.000210561314904086,0.000162165320488189,0.000190653478035793,0.000160759316140956,0.000201887765502929,0.00017241321736245,0.000204781823431069,0.000179205034607325,0.000169431814094734,0.000153070002327676,0.000173334940385907,"v_784",139,1.58418351181801e-05,2282.06491743743
"34004",0.000127021885293464,0.000112599135693957,9.95238217147538e-05,0.000140134823503641,0.000106285412491494,0.000195449611420195,0.000177359177869028,0.000142972495666146,0.000154596782623699,0.000136372197204905,0.000137737162787974,0.000174525628505699,0.000158462876735064,0.000154809281450887,0.000177449659996684,0.000162935950653684,0.000188528739741708,0.000153252417377388,0.00016218785457906,0.000155770233915892,0.000199261583187443,0.000145698835059604,0.000190320559733541,0.00016998124606136,0.000160331895690669,0.000126187873819716,0.000160208025795581,"v_787",132,1.58990094917087e-05,3279.96754627528
"2259340",0.000108979003859733,0.000108907360753171,0.000101763907734057,0.000115528708884158,0.000121260333151808,0.000168028938088037,0.000138599171105315,0.000103979996848106,0.000115239149572859,0.000121254724997433,0.000117673087893663,0.000135778640427294,0.00015429280103151,0.000148041662589646,0.000170705177506639,0.000150832137176553,0.000151974694585945,0.000133693546662019,0.000152919977174542,0.000134705220076732,0.000155273029403065,0.000123905523180966,0.000151585031972305,0.000128803618624015,0.000139315417471757,0.000121127708453512,0.000120230604088676,"v_789",140,1.59522708057492e-05,2845.08067715452
"1549850",7.79452477937165e-05,8.36802319911373e-05,7.00826911753411e-05,9.06225196961445e-05,7.81617810074907e-05,0.000121846751423349,0.000106360397707061,9.42318721435964e-05,9.4458319322016e-05,0.000102672832075749,6.8326309099546e-05,0.000100151113253506,0.000106475932964087,9.67205528919022e-05,0.000116051612501108,0.000111727509019669,0.00010841028460579,0.000107449998613548,0.000102608642692874,0.000107542439073605,0.000109314838882074,8.8403515120604e-05,0.000103811214400113,0.000100143989927623,0.000110499009192218,9.51943609517159e-05,8.74133176128586e-05,"v_818",136,1.61739017920683e-05,2918.73921239389
"1591409",4.04160544115567e-05,3.53795098491941e-05,3.74414377512096e-05,3.90096939089364e-05,3.36022609938745e-05,5.79339038070409e-05,4.96899612776511e-05,4.06171862687915e-05,4.78588817898214e-05,4.03132592199258e-05,3.0909520783128e-05,4.59710028048879e-05,5.64350245214352e-05,5.04751573400889e-05,4.86067876006643e-05,4.77945455250805e-05,5.55821782505434e-05,4.28314510602393e-05,5.42832819407465e-05,5.15538496589962e-05,6.43414667293887e-05,3.6732275666414e-05,5.93944759005623e-05,5.27073631198015e-05,4.54995920203249e-05,4.11138436004089e-05,4.44525062263343e-05,"v_836",127,1.65253747128716e-05,2684.31809718947
"2009329",0.000153725349815385,0.000159053970365507,0.000132165075138885,0.000191747649290849,0.000150479690537786,0.000252971174274873,0.000189666857741866,0.000193337806639448,0.000200566498027081,0.000175740614411864,0.000140990796554619,0.000215406984571475,0.000221570022382186,0.000210642137056125,0.000232335793363941,0.000232765643790976,0.000231592409377264,0.000182219352487492,0.000246922733706079,0.000182933014919019,0.000218629677764147,0.000189812716362331,0.000216918955462923,0.000222029767142164,0.000202364852128493,0.000210945643703636,0.000200782125438409,"v_904",149,1.50756799131641e-05,2288.05659881242
"299262",6.67586613048035e-05,5.44536803765857e-05,5.82422365018817e-05,6.66165542137221e-05,5.29600852620849e-05,8.51484066630174e-05,6.70493007997879e-05,7.31109352838248e-05,8.02895714237136e-05,6.23595728558228e-05,5.802313550517e-05,7.81507047683094e-05,8.2289493883472e-05,6.42923791817892e-05,7.55847175608416e-05,7.9140318888932e-05,8.96325216833088e-05,7.60072570837773e-05,9.2347778423587e-05,7.04014936203497e-05,9.22446538314194e-05,6.57314406662145e-05,8.54763979264614e-05,8.26846758941887e-05,7.23660177847072e-05,6.32520670775521e-05,6.56345729516345e-05,"v_925",120,1.64425005754875e-05,1386.63442353951
"2582913",2.38166034925245e-05,2.12277059095164e-05,3.45613271549628e-05,2.61064874621343e-05,2.3740727876107e-05,4.78315504741406e-05,3.97703386935728e-05,4.06171862687915e-05,5.41561030779558e-05,5.19663107131856e-05,3.25363376664505e-05,3.84186237726563e-05,4.89288882550374e-05,4.93472208632154e-05,5.9304932240045e-05,4.99670248671296e-05,5.50814379059439e-05,5.29822573808741e-05,6.35511593452642e-05,5.48799044757057e-05,5.12105551519624e-05,5.06167243632882e-05,4.72573438687083e-05,5.30367841393003e-05,6.06661226937665e-05,3.7002459240368e-05,4.92259297137259e-05,"v_1047",152,1.66353367823932e-05,2793.32843533496
"2008794",0.000101040136028892,9.10637818727082e-05,8.06430966949131e-05,7.71191641122819e-05,0.000103728718720221,0.000313379123796093,0.000140160593178735,0.000177090932131931,0.000189546360772845,0.000145820617334575,0.000108996731182609,0.000164510517180349,0.000233524239399042,0.000159321027358381,0.000216521144766596,0.000264732125538271,0.000244611658336851,0.000217870964930697,0.000276381344027581,0.000205106713697082,0.000222240678447939,0.000220745159028785,0.000205040060282811,0.000192052454367777,0.000257831021448508,0.000259965995688739,0.000171843245546098,"v_1526",145,1.51439431799252e-05,2610.62987180091
"551759",0.000105370427572987,8.7987302755387e-05,7.42428509254755e-05,8.16202826402361e-05,0.000111764042001365,0.000183904064754023,7.33868374507268e-05,0.000100730621946603,0.000102644706996591,0.000121569672335089,4.7719961910794e-05,9.8016745266136e-05,0.000130106361950895,0.000126046901290613,0.000116749317586285,0.000166349846762618,0.000152225064758245,0.000125770966119084,0.000166490797659729,0.000112531521298669,0.000148707573614352,0.000124257028211266,0.000146678531789215,0.000132756670858,0.000151881971458323,0.000211578164374412,0.000110087079177969,"v_1543",184,1.61227911776087e-05,3573.09237477178
"76115",0.000185841678767426,0.000163668689041489,0.000157766058216636,0.000146436389442777,0.00021731897055821,0.000293586758082656,0.000136302962173815,0.000194962494090199,0.000190805805030472,0.000215109031618823,0.000103574008238201,0.000191600572404658,0.000221292017335283,0.000241942374289365,0.000211172072446905,0.000276835939015401,0.000280414592975715,0.000241638706559501,0.000271085414082143,0.000196237234185857,0.000273122960810466,0.000213890810937923,0.000235770245640058,0.000238500818117102,0.000259781003963664,0.000314679033710822,0.000222560870099633,"v_1546",136,1.50668213526992e-05,2521.0315806233
"146937",0.000117639586947924,9.38326130782973e-05,9.50436496761476e-05,8.52211774625995e-05,0.000113225009870664,0.000202871748562734,0.000124546372444538,0.000128350308609381,0.000114924288508453,0.000106452200127617,9.76090129993514e-05,0.000122315703891577,0.000170973103845727,0.000133942456628728,0.000136517628332966,0.000177522597664585,0.00018652577836331,0.000123295159699417,0.000186681530576714,0.000143020357118506,0.000145753118509431,0.000146577597635355,0.000153909163637979,0.000146592353676948,0.000160331895690669,0.000233716387851555,0.000127390739319763,"v_1548",112,1.54612078295556e-05,1444.73109913272
"311182",9.38229834553994e-05,7.75272737564948e-05,7.77629860986662e-05,6.81169270563735e-05,9.78848472430258e-05,0.000167616597135674,9.07461769728637e-05,8.61084348898381e-05,9.19394308067622e-05,8.94450438942104e-05,6.66994922162235e-05,9.637492373739e-05,0.000134554442701353,0.000117023409475625,0.000104190626053099,0.000138107615315979,0.000141208777177056,9.90322567866806e-05,0.000128757296798478,0.00010587941166525,0.000118178204196836,0.000118105690181006,0.000124470162539439,0.000117273882941558,0.000136065446613162,0.000140419588912166,0.000102031927042995,"v_1571",128,1.61770415426427e-05,1269.03627597392
"1188319",4.33029154409536e-05,3.59948056726583e-05,3.55213640203784e-05,3.09076805586188e-05,5.07686334581365e-05,8.28805314250194e-05,4.95062645631311e-05,2.92443741135299e-05,4.69142985966013e-05,4.37776799341382e-05,3.95858774941814e-05,4.05529917600261e-05,6.44971708816402e-05,5.18850779361808e-05,5.62815435376113e-05,7.51057143965551e-05,6.33436535918355e-05,5.12491928871072e-05,6.88470892907029e-05,4.43473975561258e-05,5.71194653618042e-05,5.25500020299416e-05,5.86197653453376e-05,5.56721522952904e-05,6.78160585826747e-05,6.072198439445e-05,3.96790827389427e-05,"v_1580",125,1.65906262961427e-05,3070.29603294869
"2614442",6.92846647055257e-05,7.13743155218524e-05,6.40024576943755e-05,6.39158830969496e-05,7.15874255956457e-05,0.000110301204757178,7.12743252337472e-05,6.98615603823215e-05,0.000220402745084704,7.05482036348702e-05,5.09735956774391e-05,7.71656118510618e-05,7.5617372757785e-05,8.43132516462938e-05,9.23296396050896e-05,0.000106761841952128,0.000365790821729928,6.90749991087097e-05,0.000104594616422414,0.000460104249644805,0.00011489547630248,7.46948189388801e-05,0.000285351721174441,0.000112661988668576,7.79993006062712e-05,6.45171084191031e-05,9.03967072924784e-05,"v_1865",150,1.61217514670794e-05,864.99924952962
"1573704",4.69114917276997e-06,1.53823955866061e-06,3.52013517319065e-06,2.40059654824224e-06,4.7481455752214e-06,4.9274743807412e-05,2.64523268908752e-05,4.38665611702949e-05,5.35263809491424e-05,3.87385225316475e-05,2.27754363665153e-05,4.28515419002705e-05,4.19787620824468e-05,4.08876972866642e-05,4.16297367488943e-05,5.98983590022113e-05,7.06043885885281e-05,4.67927413317066e-05,4.76633695089481e-05,8.09340005399296e-05,4.62864633104275e-05,3.76110382421655e-05,6.66251077493264e-05,3.59068911253648e-05,3.98663091987609e-05,3.25748145449393e-05,3.49056592515511e-05,"v_1970",127,1.64598215755341e-05,1770.93747880258
"53412",0.000118000444576599,0.0001015238108716,8.864340390671e-05,9.66240110667501e-05,9.31367016678044e-05,0.000359148969508417,7.83466487427659e-05,8.44837474390864e-05,0.000264483294101645,0.000108026936815895,7.15799428661911e-05,0.000105733306451242,0.000101749847166725,0.000105462060587672,0.000131633692736727,0.000696434806222601,0.000326232334506568,0.000111906450168949,0.000128757296798478,0.00051831020893722,0.000163479849138957,0.000102990973878079,0.000292324116171463,0.00014066277532597,0.000155131942316917,8.53902905546953e-05,0.000127390739319763,"v_2053",167,1.58375698832771e-05,2018.13103432462
"1392877",0.000137486756525028,0.000142440983131973,0.000128324927677223,0.000131432661016263,0.000144270577093266,0.000336470217128437,0.000108381061566781,0.000151095932919905,0.000271725098582999,0.000161882931555015,0.000106827642004846,0.000169764346072336,0.000154570806078414,0.000183007693372725,0.000364667191185845,0.000220351476122124,0.000369546374314424,0.000399842736776223,0.000207865250358468,0.000388594071085552,0.000211079403607127,0.000150092647938361,0.000332609065043149,0.000187769981114293,0.000172465120229422,0.000125239092813553,0.000164384771347048,"v_2080",150,1.51114469210427e-05,2228.16839330556
"2320867",0.000110422434374432,0.000127058587545367,9.24835513683726e-05,0.000102025353300295,0.00010518968658952,0.000147205719993691,9.58896849794228e-05,0.000103979996848106,0.000306989537796552,0.000119365040971499,7.97140272828037e-05,0.000108196038744361,0.000108699973339316,0.000122099123621556,0.000150704298398232,0.000202350933002289,0.000451417420656441,0.000118838708144017,0.000143652099770024,0.000593146442313182,0.00017989348861074,0.000112305857181046,0.000388129988167587,0.000153510195086422,0.000144082041397695,8.88691542439607e-05,0.000144097721525634,"v_2082",133,1.59169770477191e-05,3317.0568213981
"797277",2.7064322150596e-05,2.95341995262837e-05,3.26412534241315e-05,2.70067111677252e-05,3.21412931245756e-05,4.96870847597753e-05,3.72904330475533e-05,4.06171862687915e-05,5.13223534982953e-05,4.03132592199258e-05,4.06704220830631e-05,3.16871555047977e-05,5.17089387240736e-05,4.62453955518133e-05,4.30251469192483e-05,5.33809209760639e-05,6.73495763486315e-05,3.49088705173049e-05,5.03113344816675e-05,8.86947951122516e-05,5.41650102568833e-05,3.84898008179171e-05,5.75868179383713e-05,4.41424166128338e-05,5.41661809765772e-05,4.17463642711844e-05,3.81873878991328e-05,"v_2181",106,1.65862234827752e-05,2645.44001051788
"570",0.000187645966910799,0.00018120462001022,0.000184967102736745,0.000158739446752518,0.000180064289891088,0.000249672446655966,0.000227416532575719,0.000180340307033434,0.000208752885701655,0.000228021872462706,9.43553792327064e-05,0.00019061547948741,0.000175421184596185,0.00021853769239424,0.00019372944531748,0.000243628040501222,0.000259884238847135,0.000181724191203559,0.000237985851923151,0.000192911179369147,0.000276405688704823,0.000185594655998723,0.000230347271753485,0.000216759030830184,0.000215798065010684,0.000144847233607594,0.00021301402312485,"v_2209",157,1.50879628232596e-05,2297.5617145288
"413496",4.51072035843267e-05,4.24554118190329e-05,4.89618801361972e-05,3.7509321066285e-05,5.04033914908118e-05,6.26758247592186e-05,4.69345105598516e-05,4.54912486210465e-05,4.7229159661008e-05,6.33044148687898e-05,2.92827038998054e-05,4.53142741933895e-05,4.53148226452903e-05,5.47049191283645e-05,6.1398047495576e-05,5.71051712767196e-05,6.23421729026366e-05,4.80306445415401e-05,6.48751418316239e-05,5.48799044757057e-05,5.74477381512399e-05,4.67501690299814e-05,6.17186075662365e-05,5.40250471977966e-05,6.8032723306581e-05,5.12341743328172e-05,7.21980302467979e-05,"v_2306",122,1.6677228911644e-05,982.465024241578
"1076588",2.34557458638499e-05,2.27659454681771e-05,3.07211796933002e-05,2.2505592639771e-05,2.15492760721587e-05,4.24711180934179e-05,2.99425644667546e-05,2.76196866627782e-05,2.70780515389779e-05,3.33844177915011e-05,2.54867978387195e-05,2.93886053645533e-05,3.83646964726998e-05,3.21461895908946e-05,3.53503909823013e-05,4.74841913333592e-05,4.95732941153495e-05,2.79766125422373e-05,3.87264877260204e-05,3.04888358198365e-05,3.64382796273579e-05,3.72595332118649e-05,3.58949223920789e-05,3.82128382618561e-05,4.26829506095429e-05,4.17463642711844e-05,3.28172864758172e-05,"v_3436",128,1.64579253139349e-05,2799.22944411683
"213115",1.84037390624053e-05,1.66129872335346e-05,1.47205652697064e-05,1.35033555838626e-05,1.38791947583395e-05,3.33996171414257e-05,1.95637000963765e-05,1.78715619582683e-05,4.97480481762617e-05,4.78719953236619e-05,2.81981593109238e-05,2.98811518231771e-05,3.97547217072179e-05,5.32949985322727e-05,4.3257715280974e-05,4.18978158823758e-05,4.40651503247552e-05,4.75354832576067e-05,4.4353413293049e-05,4.93364797811899e-05,5.67911925723686e-05,4.18290986057729e-05,5.42297388657308e-05,5.83075204512804e-05,3.33663674815716e-05,3.66861989049802e-05,4.83309128098399e-05,"v_3541",132,1.69891778936817e-05,693.750878064343
"1812480",0.000135682468381655,0.000135365081162134,0.000157766058216636,0.00018214526309788,0.000173489934479243,0.000204727282848369,8.3398308392065e-05,0.000233954992908239,0.00017852622351861,0.000214794084281167,9.00172008771797e-05,0.000255631612025752,0.000152346765703185,0.000238276580739526,0.000163728126654869,0.00018838499437483,0.000210811685076385,0.00018989435238846,0.000181716596252865,0.000121955343279346,0.000191054763451552,0.000247635293846781,0.000201166507506687,0.000272101762105975,0.000170515137714265,0.000145796014613758,0.000186163516008272,"v_3897",289,1.51301953308217e-05,3342.93000892604
"444103",8.19146817091372e-05,9.69090921956185e-05,8.12831212718568e-05,0.000121230125686233,8.47361364193358e-05,0.000126176331423164,6.0987309220629e-05,0.000255075929768011,0.000103274429125404,0.000165977246944538,6.39881307440193e-05,0.000192257301016156,0.000119542170168557,0.000332741260677681,0.000147215772972347,0.000113589634169997,0.000166496164579331,0.000168602417179324,0.000139349156689355,7.42818909065107e-05,0.000127041569511599,0.000143941309908101,0.000138673189385226,0.000243112712390085,0.000120465586491908,0.000135991944216737,0.000252394766895831,"v_3916",249,1.53520218612791e-05,3404.57549714224
"2692233",8.1192966451788e-05,8.21419924324767e-05,8.41632318681037e-05,9.18228179702656e-05,7.63355711708671e-05,0.000121640580947168,5.97932805762492e-05,9.74812470450997e-05,0.000128463314277942,0.000144875775321608,7.80872103994811e-05,0.00012494261833757,0.000105641917823376,0.000136198329582475,0.000126749757140488,0.000116072467703767,0.000132946561491165,0.000147062901328221,0.000113200502583752,7.09558360898013e-05,0.000117849931407401,0.000260992484998205,0.000107684767176237,0.000199958558835747,0.000120032257044095,9.83569643055935e-05,0.000134252535582889,"v_3917",178,1.59959050483076e-05,3544.67722585449
"1188315",6.60369460474542e-05,6.67595968458706e-05,7.45628632139474e-05,7.77193132493425e-05,6.0630166575904e-05,9.97865104719139e-05,4.4638301628352e-05,0.00010722937174961,0.000111145955735572,0.000145190722659264,5.4769501738525e-05,0.000115912599929467,8.97956301498697e-05,0.000131122615436544,9.02365243495586e-05,0.000103037591651472,0.000110162875811888,0.000126018546761051,0.00011982041501555,6.81841237425434e-05,9.48708361469047e-05,0.00035589884317937,9.37399771821918e-05,0.000192052454367777,9.7499125757839e-05,9.93057453117568e-05,0.000108297045370197,"v_3923",223,1.60911402181959e-05,1708.89825703931
"2782004",4.83549222423982e-05,5.38383845531214e-05,4.86418678477254e-05,5.40134223354504e-05,5.58820210006826e-05,7.15411552350292e-05,3.53616175450936e-05,6.82368729315698e-05,4.81737428542281e-05,7.8421887076262e-05,4.06704220830631e-05,8.19268942844252e-05,5.78250497559533e-05,0.000127456821886705,7.00030768794256e-05,6.17604841525391e-05,8.11199358251174e-05,8.46725795526119e-05,7.57979973440911e-05,4.15756852088679e-05,8.10833789906071e-05,8.3833949726696e-05,8.41852136677535e-05,0.00030800865323134,8.31992539800226e-05,7.71675218346136e-05,8.83083345167446e-05,"v_3932",198,1.63350648502075e-05,543.219458675477
"2748873",2.0568884834453e-05,2.5227128762034e-05,2.01607741737283e-05,3.18079042642097e-05,2.30102439414576e-05,4.28834590457812e-05,2.19517573851361e-05,3.57431239165366e-05,3.43198560203325e-05,4.56673639600722e-05,1.68104411276661e-05,5.04039209325021e-05,3.28045955346273e-05,4.70913479094684e-05,2.81407717688057e-05,3.84839197734414e-05,4.75703327369516e-05,4.58024187638398e-05,3.04515971862724e-05,1.99563289002566e-05,4.43168265738136e-05,5.06167243632882e-05,4.77738175721914e-05,3.88716803008536e-05,3.63996736162599e-05,2.97284715264495e-05,3.10272526680454e-05,"v_3947",184,1.63963993507026e-05,2719.98171884151
"75293",1.65994509190322e-05,1.72282830569989e-05,1.50405775581782e-05,2.64065620306646e-05,1.57054045949631e-05,3.83477085697851e-05,1.1297347942978e-05,4.71159360717982e-05,3.08563843118586e-05,5.2596205388497e-05,1.57258965387844e-05,4.76128243336339e-05,2.61324744089404e-05,4.56814273133766e-05,2.90710452157083e-05,4.59324203747527e-05,3.60533048111633e-05,3.36709673074714e-05,4.26984351850994e-05,1.66302740835472e-05,4.33320082055066e-05,0.000102990973878079,3.64113960955621e-05,6.32488357437618e-05,3.09830555186022e-05,2.34032648186943e-05,4.41541672583723e-05,"v_4129",219,1.64292638046889e-05,2549.58229056734
"2609254",2.52600340072229e-05,2.58424245854983e-05,2.3360897058447e-05,3.06076059900885e-05,2.81236314840037e-05,4.43266523790527e-05,1.80022780229568e-05,4.71159360717982e-05,2.1410552379657e-05,3.49591544797794e-05,2.16908917776337e-05,4.30157240531451e-05,2.41864390806151e-05,3.80678560944805e-05,2.76756350453543e-05,3.53803778562284e-05,4.1311078429458e-05,2.55008061225702e-05,3.6078522753301e-05,2.3282383716966e-05,4.07058258900214e-05,2.88234124846502e-05,3.66696329473037e-05,3.32715229693747e-05,2.9466402451258e-05,2.2454483812531e-05,4.14691165467145e-05,"v_4246",130,1.6290624745459e-05,2477.65791274315
"145458",1.62385932903576e-05,1.72282830569989e-05,1.98407618852564e-05,1.80044741118168e-05,2.41059698434317e-05,3.6698344760332e-05,2.02984869544563e-05,3.41184364657849e-05,2.45591630237242e-05,3.36993651291568e-05,1.51836242443436e-05,4.20306311358975e-05,2.52984592682296e-05,4.70913479094684e-05,1.86054689380533e-05,4.18978158823758e-05,3.32992329158661e-05,2.27774190609365e-05,2.68106453487833e-05,1.77389590224503e-05,2.82314598914664e-05,3.11081951816042e-05,2.96972379502811e-05,3.36009439888735e-05,2.62164315926634e-05,2.71983888433474e-05,3.10272526680454e-05,"v_4252",181,1.69136053041066e-05,3260.02482611676
"1795630",0.000141456190440448,0.000143056278955437,0.00013984537006221,0.000157239073909867,0.000160341223655553,0.000185347258087295,0.000172307518219729,0.000183589681934938,0.000136964563016923,0.000202196190774941,0.000142617613437941,0.000200794772965635,0.000146786664765112,0.000201054677002701,0.000161635011399338,0.000181867556348683,0.000181768745089615,0.000187170965326826,0.000177413653172196,0.000120846658340443,0.000177267306295254,0.000144292814938401,0.000176892243442979,0.000149557142852437,0.000158165248451606,0.000153070002327676,0.000204362193053953,"v_4297",195,1.52434377000701e-05,2609.77814421166
"2017685",0.000109700719117082,0.000108292064929707,0.000103363969176416,0.000114328410610037,9.31367016678044e-05,0.000147411890469873,6.43856984392484e-05,0.000448413736407459,0.000115554010637266,0.000202196190774941,6.8326309099546e-05,0.000342648153049289,9.47997209941349e-05,0.000224741343017044,9.8376417009957e-05,0.000182177910540404,0.000149470992862948,0.000125028224193184,0.000148286038472283,8.59230827649937e-05,0.00019499403692478,0.000125135790787018,0.000174826348629046,0.000159110352417901,0.000118948933424564,0.000123657791136614,0.000234494428818112,"v_4340",302,1.58315522837014e-05,2785.33708456582
"2575374",7.0006379962875e-05,8.58337673732621e-05,7.96830598294975e-05,0.000102025353300295,8.36404105173616e-05,0.000147618060946054,5.04247481357309e-05,0.000461411236013472,0.000107367622962691,0.00016219787889267,6.18190415662559e-05,0.000364976925840235,8.86836099622553e-05,0.000209232216460033,9.39576181371693e-05,0.000175350118322536,0.000124684345805273,0.000113391934020749,0.000124123358096219,7.2618863498156e-05,0.000144111754562253,0.000111075589574994,0.000141255557902642,0.000144615827559955,0.000115265633118156,9.74081832994302e-05,0.000229422666362759,"v_4346",298,1.5939557199101e-05,3253.75777880104
"1477518",2.63426068932468e-05,2.89189037028195e-05,3.58413763088503e-05,2.94073077159674e-05,2.26450019741328e-05,4.20587771410546e-05,2.69115686771752e-05,0.000133224370961636,4.03022162440601e-05,5.00766266872516e-05,1.95218025998703e-05,0.000109016949508734,2.80785097372658e-05,5.8088728558985e-05,3.11641604712393e-05,5.15187958257361e-05,3.88073767064605e-05,3.41661285914048e-05,3.83954921044304e-05,2.77171234725786e-05,4.3988553784378e-05,3.444749296946e-05,4.26090805373599e-05,4.15070484568437e-05,3.44496911011031e-05,2.75146491787352e-05,8.20432161895431e-05,"v_4358",197,1.63534971953752e-05,1046.09966717382
"2020486",2.38166034925245e-05,2.86112557910874e-05,2.81610813855252e-05,2.88071585789069e-05,2.84888734513284e-05,4.90685733312304e-05,2.37887245303357e-05,0.000157594682722911,3.74684666643997e-05,3.87385225316475e-05,2.98249761942463e-05,0.000101300388323628,3.0858560206302e-05,6.00626173935136e-05,2.53499514280977e-05,5.21395042091787e-05,4.73199625646518e-05,3.51564511592716e-05,4.005047021238e-05,2.77171234725786e-05,4.3988553784378e-05,3.88413058482177e-05,3.79608172060115e-05,4.34835745738363e-05,3.42330263771968e-05,3.35235955511026e-05,6.02644715283189e-05,"v_4359",228,1.64076984921325e-05,1246.12490342544
"72000",5.19634985291443e-05,5.16848491709966e-05,4.57617572514785e-05,5.73142425892834e-05,5.07686334581365e-05,7.07164733303026e-05,3.56371626168736e-05,0.000105604684298858,5.60452694643961e-05,7.7477045063295e-05,4.39240558497081e-05,0.000104255667075371,5.61570194745315e-05,0.000100950314680178,6.58168463683636e-05,6.54847344531947e-05,8.21214165143164e-05,7.50169345159105e-05,6.58681286963936e-05,4.21300276783195e-05,7.61592871490723e-05,6.22163903632084e-05,8.23775557055625e-05,7.24726242897271e-05,5.82828107307971e-05,8.82366335731852e-05,9.99435542672616e-05,"v_4391",200,1.63305299256961e-05,2736.03456406699
"2772401",6.38718002754065e-05,7.93731612268876e-05,8.48032564450475e-05,9.27230416758565e-05,6.57435541184502e-05,9.71062942815526e-05,3.45349823297538e-05,0.00039154967563115,9.82366520948966e-05,0.000146765459347542,4.98890510885574e-05,0.000337230142004428,7.08912869604235e-05,0.000172292296842426,7.97709480719036e-05,0.000129728052139504,0.000106908063571991,8.31870957008117e-05,8.77138397213282e-05,7.04014936203497e-05,0.00013229393414257,7.94401368479384e-05,0.0001180142412459,0.000135062617994491,9.87991141012769e-05,8.69715922316341e-05,0.000210328972413192,"v_4397",220,1.59749512763986e-05,1603.77459036355
"2596911",3.89726238968582e-05,3.69177494078547e-05,3.61613885973221e-05,4.26105887312997e-05,3.28717770592251e-05,6.20573133306737e-05,2.46153597456756e-05,0.000180340307033434,5.5100686271176e-05,6.67688355830022e-05,2.60290701331604e-05,0.000155152134466497,3.53066409567599e-05,7.98015057387998e-05,3.51178226205757e-05,6.30019009194243e-05,5.88369904904401e-05,4.18411284923725e-05,4.46844089146389e-05,3.54779180449006e-05,6.07304660455964e-05,4.65744165148311e-05,5.91362390488207e-05,5.60015733147891e-05,4.24662858856366e-05,4.42764469542865e-05,9.30817580041362e-05,"v_4399",195,1.6443311682973e-05,2147.7409010417
"2590775",3.28380442093898e-05,3.96865806134438e-05,3.29612657126034e-05,4.68116326907236e-05,4.12723423076937e-05,6.65930638066698e-05,2.69115686771752e-05,0.000175466244681179,5.79344358508365e-05,7.9366729089229e-05,3.0909520783128e-05,0.000192257301016156,4.22567671293505e-05,9.44646799381552e-05,3.86063480464606e-05,8.06920898475385e-05,6.50962447979337e-05,5.02588703192404e-05,4.93183476168977e-05,3.32605481670943e-05,7.09069225181018e-05,6.13376277874569e-05,6.6883344601068e-05,7.11549402117321e-05,4.11662975421987e-05,3.92162815880823e-05,0.000101136910139109,"v_4400",237,1.64138927187972e-05,2745.28833698547
"2590785",1.62385932903576e-05,1.13829727340885e-05,1.8240700442897e-05,2.13052943656499e-05,1.7166372464262e-05,3.54613219032421e-05,1.00114709413382e-05,0.000128350308609381,3.1486106440672e-05,9.60589379849795e-05,2.22331640720745e-05,0.000106061670756991,1.64022977673137e-05,5.30130144130543e-05,2.55825197898233e-05,4.43806494161462e-05,3.43007136050651e-05,3.36709673074714e-05,4.20364439419195e-05,3.04888358198365e-05,4.89126456259128e-05,2.53083621816441e-05,3.97684751682026e-05,4.3812995593335e-05,4.7666239259388e-05,2.34032648186943e-05,6.41428781118246e-05,"v_4401",202,1.63711671005026e-05,689.605407789004
"85085",8.55232579958833e-05,6.7990188492799e-05,0.000110084227234326,8.88220722849628e-05,6.35521023145018e-05,9.58692714244627e-05,4.09643673379526e-05,0.000500403734831512,9.22542918711689e-05,0.00015715872149018,4.98890510885574e-05,0.000377454769458705,6.67212112568692e-05,0.000171164360365553,7.65149910077443e-05,0.000117003530278931,0.000108911024950389,9.50709665152133e-05,9.2347778423587e-05,5.59885894146088e-05,0.000108986566092638,7.46948189388801e-05,0.000100195898475731,0.000139015670228477,9.42491548992444e-05,7.30561374745727e-05,0.000227930971522949,"v_4403",179,1.58926925399701e-05,2296.41083121099
"2697569",4.87157798710728e-05,5.35307366413893e-05,5.18419907324441e-05,4.80119309648448e-05,4.01766164057195e-05,7.93756333299315e-05,2.95751710377147e-05,0.000198211868991703,6.89545731050717e-05,0.000116845462270254,3.74167883164181e-05,0.000191600572404658,5.25429538647845e-05,0.000121817139502338,4.6746240706859e-05,8.50370485316367e-05,8.33732673758151e-05,6.73419346149428e-05,7.54670017225012e-05,5.26625345978994e-05,8.63357436215776e-05,6.85434809086194e-05,8.98664244060681e-05,7.57668344847147e-05,6.60827407914242e-05,5.88244223821234e-05,0.000131865823839193,"v_4406",294,1.64219791769304e-05,3121.36775366605
"121292",3.64466204961359e-05,4.0301876436908e-05,4.64017818284222e-05,4.65115581221934e-05,3.6889438699797e-05,5.5047517140498e-05,2.47990564601955e-05,0.000178715619582683,4.06170773084669e-05,5.85802048039547e-05,2.87404316053646e-05,0.000152853584326252,3.75306813319889e-05,8.09294422156733e-05,4.06994633019916e-05,7.54160685882764e-05,6.30932834195358e-05,4.15935478504058e-05,4.79943651305381e-05,2.93801508809333e-05,5.31801918885763e-05,4.27078611815244e-05,5.86197653453376e-05,5.8966362490278e-05,4.31162800573555e-05,5.4080517351307e-05,9.4573452843946e-05,"v_4407",166,1.63596505578641e-05,1269.46448202337
"37930",4.9437495128422e-05,6.18372302581566e-05,6.97626788868693e-05,6.63164796451918e-05,5.58820210006826e-05,6.28819952354003e-05,3.8943703478233e-05,6.82368729315698e-05,6.04533243660902e-05,7.49574663620496e-05,4.98890510885574e-05,7.68372475453126e-05,5.97710850842786e-05,7.95195216195814e-05,5.53512700907086e-05,7.63471311634403e-05,8.16206761697169e-05,6.33806443434756e-05,6.4213150588444e-05,4.43473975561258e-05,7.41896504124584e-05,5.6240804848098e-05,7.38557395980905e-05,7.04960981727345e-05,5.74161518351719e-05,5.02853933266539e-05,7.54797588943797e-05,"v_4421",193,1.63703630946534e-05,3465.45419754529
"2735317",1.37125898896353e-05,5.5376624111782e-06,7.0402703463813e-06,7.80193878178727e-06,6.57435541184502e-06,6.30881657115819e-05,3.85763100491931e-05,0.000201461243893206,5.06926313694819e-05,6.61389409076908e-05,3.95858774941814e-05,0.000139719012096284,4.28127772231577e-05,7.83915851427079e-05,3.9071484769912e-05,6.45536718780308e-05,5.75851396289414e-05,5.14967735290739e-05,4.93183476168977e-05,3.04888358198365e-05,6.63111034660026e-05,4.74531790905827e-05,6.04274233075286e-05,5.73192573927842e-05,4.83162334311069e-05,4.39601866188987e-05,8.74133176128586e-05,"v_4431",236,1.63990882106955e-05,1462.03062962555
"2805590",3.50031899814375e-05,3.2610678643605e-05,2.72010445201096e-05,4.65115581221934e-05,3.61589547651476e-05,7.64892466633886e-05,3.94029452645329e-05,8.61084348898381e-05,6.17127686237171e-05,0.000107711989478239,6.77840368051052e-05,0.00014136083362503,7.33933323825561e-05,0.000108281901779856,6.67471198152663e-05,8.44163401481941e-05,7.73643832406213e-05,8.26919344168783e-05,6.75231068043432e-05,3.21518632281912e-05,0.000103734201461667,6.73132133025673e-05,9.83882405135401e-05,8.79554122061688e-05,7.0849364717363e-05,0.000115118762081145,0.000121722298928486,"v_4498",176,1.60937298828376e-05,1566.91170061258
"28047",0.000147590770127917,0.000121213277222456,0.000202567778602698,0.000168941982082548,0.000163263159394151,0.000192769395229834,0.000105533762491721,0.000185214369385689,0.000137909146210143,0.000207865242852743,0.000119842177071426,0.000223287727909456,0.000137334493170389,0.000202182613479574,0.000147913478057524,0.000202040578810568,0.000169500606646927,0.000164641126907856,0.000173110710091527,0.000107542439073605,0.000194337491345909,0.000163274086574634,0.00018205698047781,0.00014329814348196,0.000153398624525667,0.000145796014613758,0.000198395413694713,"v_4612",168,1.56648965333584e-05,3514.74386137365
"110539",1.69603085477068e-05,1.66129872335346e-05,2.46409462123346e-05,2.49061891880132e-05,2.52016957454059e-05,4.20587771410546e-05,2.59012367473153e-05,2.92443741135299e-05,3.87279109220265e-05,3.96833645446145e-05,2.44022532498379e-05,4.18664489830229e-05,4.05887368479287e-05,4.06057131674458e-05,3.32572757267703e-05,4.22081700740971e-05,4.00592275679592e-05,2.99572576779709e-05,3.07825928078623e-05,2.38367261864176e-05,3.21707333646943e-05,3.81382957876164e-05,3.30543170229216e-05,3.39303650083722e-05,3.53163499967284e-05,2.87796905202862e-05,4.56458620981822e-05,"v_4627",152,1.64422302241076e-05,2742.32331831717
"470076",8.94926919113041e-05,8.18343445207446e-05,0.00014496556667776,9.84244584779318e-05,8.65623462559594e-05,0.000140402094279697,5.63030430003699e-05,0.000102355309397355,9.41434582576093e-05,0.00014109640726974,7.32067597495136e-05,0.000140211558554908,8.75715897746408e-05,0.000138454202536222,0.000101632374074116,0.000140900803041471,0.000133196931663464,0.000110668546959116,0.00012048240625873,8.0379658070478e-05,0.000117849931407401,0.00010896655939319,0.00010820124087972,0.000113979672746571,0.000103782402751122,8.3176468206981e-05,0.000145589416365444,"v_4650",173,1.59667890787163e-05,1248.88373928985
"560555",8.55232579958833e-05,7.59890341978342e-05,0.000389774967358747,8.55212520311297e-05,8.36404105173616e-05,0.000127413354280254,5.99769772907692e-05,9.5856559594348e-05,0.000106423039769471,0.000151174722074722,6.07344969773742e-05,0.000134465183204297,8.75715897746408e-05,0.000161012932073691,0.000111400245266594,0.000132521239864996,0.000122931754599175,0.000108440321181415,0.000131405261771197,8.20426854788327e-05,0.000133607025300312,9.89486660296224e-05,0.000116981293838934,0.000102779358083613,0.000104432396922841,0.00010025452631792,0.000150064500884873,"v_4654",156,1.59184972938555e-05,971.85419383717
"29311",3.60857628674613e-05,2.98418474380159e-05,5.12019661555004e-05,5.07126020816173e-05,4.23680682096679e-05,0.000125763990470801,2.65441752481352e-05,4.71159360717982e-05,3.99873551796534e-05,6.48791515570681e-05,2.98249761942463e-05,5.46726569072417e-05,7.83974232268213e-05,6.76761886124097e-05,4.90719243241156e-05,6.98296931372929e-05,6.45955044533342e-05,5.44677412326743e-05,6.35511593452642e-05,3.88039728616101e-05,5.02257367836554e-05,5.37802696359937e-05,6.0169186455787e-05,5.79780994317817e-05,5.6116163491734e-05,4.42764469542865e-05,6.68279288234824e-05,"v_4690",206,1.65590329524756e-05,2287.15525009406
"36809",0.000129547888694186,0.000120905629310724,0.000145925603543176,0.000154238328224564,0.000140983399387343,0.000196274293324922,0.00010884030335308,0.00013647374586314,0.000165931780942341,0.000202826085450252,0.000111165820360372,0.000195869308379397,0.000353066409567599,0.000204156502314103,0.00016210014812279,0.000196764557551305,0.000192534662498504,0.000176772578364225,0.000180723609388095,0.000115303233645927,0.000185474126031146,0.000162746829029184,0.000187221717512642,0.0001857934549973,0.000145815359188946,0.000135675683881349,0.000196307040918979,"v_4712",250,1.57965405576179e-05,3682.76955559832
"1520670",2.48991763785483e-05,2.58424245854983e-05,3.00811551163565e-05,2.49061891880132e-05,2.62974216473801e-05,4.02032428554199e-05,1.97473968108964e-05,6.17381231285631e-05,3.24306896338921e-05,3.62189438304021e-05,2.11486194831928e-05,4.61351849577625e-05,2.80785097372658e-05,4.79373002671236e-05,2.46522463429207e-05,4.06563991154906e-05,4.08103380848585e-05,3.04524189619043e-05,3.50855358885313e-05,2.3282383716966e-05,3.84079163639718e-05,3.53262555452115e-05,4.23508436856183e-05,3.59068911253648e-05,2.9466402451258e-05,2.27707441479188e-05,3.40106423476651e-05,"v_4717",203,1.70076704593772e-05,3658.15782607961
"2811421",7.97495359370895e-05,8.12190486972803e-05,0.000257289879931389,9.21228925387959e-05,8.76580721579336e-05,0.000178749802849482,6.20894895077488e-05,0.000157594682722911,0.000142317201111837,0.000194322507333549,6.99531259828685e-05,0.000202929140953005,0.000113426059136678,0.000224177374778607,0.000129075440757745,0.000174419055747372,0.000165494683890132,0.000146320159402321,0.000172117723226757,0.000106433754134702,0.00019499403692478,0.000160286293817079,0.000195227059916631,0.000169651825041861,0.000135198787717537,0.000122709010130451,0.000199588769566561,"v_4747",243,1.58403294788532e-05,2640.51589748175
"99653",0.000104287854686963,9.2909669343101e-05,0.000196487545121733,0.000117329156295339,9.31367016678044e-05,0.000190501519991836,6.44775467965084e-05,0.000186839056836441,0.000129407897471162,0.000214164189605856,6.72417645106643e-05,0.000203914233870253,0.000120932195403075,0.00021853769239424,0.000128377735672568,0.000188074640183109,0.000179265043366618,0.000155480643155088,0.000166821793281318,0.000103107699317992,0.000188100308346631,0.000159407531241328,0.000184381112143485,0.000181510981743817,0.000140182076367382,0.000130615518515145,0.000189445244655854,"v_4779",276,1.57985370554687e-05,3656.29061962453
"29404",1.91254543197545e-05,2.24582975564449e-05,3.32812780010752e-05,3.51087245180427e-05,2.41059698434317e-05,6.39128476163085e-05,1.29506183736577e-05,6.98615603823215e-05,4.37656879525341e-05,5.79503101286434e-05,2.3859980955397e-05,0.000138898101331911,3.80866914257961e-05,7.10599980430302e-05,3.79086429612836e-05,8.31749233813089e-05,4.45658906693546e-05,4.38217736281061e-05,3.44235446453514e-05,2.3282383716966e-05,7.97702878328645e-05,5.36045171208434e-05,7.049866052545e-05,4.51306796713301e-05,3.09830555186022e-05,4.23788849419599e-05,7.57780978623416e-05,"v_4987",226,1.64508858802046e-05,1194.78958667173
"2071",4.9437495128422e-05,7.0451371786656e-05,8.03230844064412e-05,9.57237873611593e-05,5.04033914908118e-05,8.76224523771971e-05,2.7646355535255e-05,0.000222582180752978,0.000110516233606759,0.000152749458763,5.09735956774391e-05,0.000204570962481751,0.00010286186735434,0.000190057296353184,0.000103725489329647,0.000124452030880242,0.000118925831842379,0.000111658869526982,9.76437083690257e-05,7.09558360898013e-05,0.000134920116458055,0.000104396993999282,0.000176892243442979,0.00017261661421735,0.000121765574835346,0.000594253170193602,0.000200782125438409,"v_5060",140,1.57601929047612e-05,555.480563090663
"83676",2.56208916358975e-05,2.24582975564449e-05,2.72010445201096e-05,2.94073077159674e-05,1.78968563989114e-05,5.66968809499511e-05,2.8013748964295e-05,4.38665611702949e-05,5.82492969152432e-05,8.34610444787527e-05,6.8326309099546e-05,7.79865226154348e-05,3.64186611443744e-05,9.16448387459715e-05,6.6979688176992e-05,6.14501299608178e-05,5.83362501458406e-05,5.9666934713975e-05,6.38821549668541e-05,2.82714659420302e-05,7.68158327279436e-05,6.06346177268556e-05,7.82457660776973e-05,6.19311516657668e-05,4.70162450876691e-05,4.87040916497151e-05,9.00983683245164e-05,"v_5114",168,1.64563002945678e-05,2822.51575028265
"712116",9.02144071686533e-06,1.35365081162134e-05,1.47205652697064e-05,1.44035792894534e-05,1.49749206603136e-05,2.3503434284707e-05,6.52123336545883e-06,2.43703117612749e-05,1.63727753491494e-05,1.85818929216846e-05,7.59181212217178e-06,2.1343679873698e-05,1.75143179549282e-05,2.59425389680904e-05,1.48843751504427e-05,1.98626682701633e-05,2.42859067130753e-05,2.20346771350364e-05,1.55567942147261e-05,1.44129042057409e-05,2.1994276892189e-05,1.65207364241288e-05,2.19501323980339e-05,2.4706576462407e-05,1.62498542929732e-05,1.20178927447349e-05,2.59554902126918e-05,"v_5140",137,1.65645188007288e-05,3561.37813551555
"2737173",3.03120408086675e-05,3.35336223788013e-05,2.81610813855252e-05,3.33082771068611e-05,3.4332744928524e-05,5.15426190454101e-05,2.13088188843162e-05,3.24937490150332e-05,3.11712453762653e-05,4.12581012328928e-05,1.57258965387844e-05,5.27024710727465e-05,2.61324744089404e-05,4.59634114325949e-05,2.9303613577434e-05,5.12084416340148e-05,4.63184818754529e-05,4.23362897763059e-05,4.30294308066893e-05,2.99344933503849e-05,4.53016449421206e-05,3.32172253634079e-05,4.15761331303936e-05,3.22832599108784e-05,3.66163383401662e-05,2.81471698495107e-05,4.62425400341061e-05,"v_5153",172,1.70230151164374e-05,2494.78731950929
"181487",1.37125898896353e-05,1.69206351452667e-05,1.21604669619313e-05,1.53038029950443e-05,1.49749206603136e-05,2.5771309522705e-05,1.97473968108964e-05,3.41184364657849e-05,2.42443019593174e-05,2.3935997661831e-05,2.16908917776337e-05,3.20155198105469e-05,1.50122725327956e-05,3.77858719752621e-05,2.41871096194693e-05,3.07250649804089e-05,3.00444206759694e-05,2.97096770360042e-05,3.11135884294523e-05,1.9401986430805e-05,3.3483824522437e-05,2.46053521210429e-05,2.9180764246798e-05,3.16244178718809e-05,2.33997901818814e-05,1.92918804586534e-05,3.46073202835891e-05,"v_5167",188,1.68347334219963e-05,3637.92472498116
"133925",1.08257288602384e-06,9.22943735196367e-07,1.60006144235939e-06,2.40059654824224e-06,1.46096786929889e-06,3.52551514270605e-05,1.14810446574979e-05,2.43703117612749e-05,2.9282078989825e-05,4.12581012328928e-05,1.13877181832577e-05,3.38215234921675e-05,2.16843936584825e-05,3.60939672599519e-05,2.46522463429207e-05,3.53803778562284e-05,3.70547855003623e-05,3.63943543691051e-05,3.44235446453514e-05,1.71846165529987e-05,4.26754626266353e-05,2.84719074543496e-05,2.81478168398317e-05,3.82128382618561e-05,2.40497843536003e-05,2.62496078371841e-05,4.38558282904103e-05,"v_5296",260,1.6874219567345e-05,1930.05323662585
"1890426",7.21715257349226e-07,0,0,0,0,9.83433171386424e-05,4.61078753445117e-05,7.79849976360798e-05,7.84004050372732e-05,0.000120624830322122,3.57899714330955e-05,9.62107415845154e-05,7.86754282737249e-05,0.000119561266548591,0.00010302778424447,0.000115141405128603,0.000129942119423568,9.40806439473465e-05,0.000132729244257557,7.87166306621233e-05,0.000118506476986272,9.68396358478187e-05,0.00011310774106281,0.000106732410317598,0.000103349073303309,6.072198439445e-05,0.000101733588075033,"v_5451",419,1.66647224490476e-05,3534.93670243234
"61624",9.74315597421456e-05,9.01408381375118e-05,8.76833670412944e-05,0.000110127366650613,9.4962911504428e-05,0.000234003490466162,0.000119862106224278,0.000355806551714614,0.000232682326596566,0.000249438291423291,0.00018708394158209,0.000241347764725661,0.000147064669812016,0.000247018088435295,0.000179310206890489,0.000253869728828025,0.000232593890066463,0.000269615319101738,0.000229379965761813,0.000174063535407794,0.0002402956818669,0.000208442482968263,0.000228023140087811,0.000205229295147727,0.000168348490475202,0.000161292771047758,0.00021003063344523,"v_5578",168,1.50643246663252e-05,1963.37668389532
"714067",1.62385932903576e-05,1.47670997631419e-05,1.47205652697064e-05,1.47036538579837e-05,1.53401626276384e-05,4.55636752361425e-05,2.03903353117163e-05,2.59949992120266e-05,4.62845764677878e-05,3.27545231161897e-05,3.95858774941814e-05,3.56275271737881e-05,2.50204542213259e-05,4.59634114325949e-05,2.55825197898233e-05,4.12771074989332e-05,8.66280796157118e-05,3.14427415297711e-05,0.000124785349339399,3.54779180449006e-05,3.41403701013083e-05,3.58535130906625e-05,3.33125538746632e-05,0.000123532882312035,0.00012501554569394,2.05569218002044e-05,4.7137556937992e-05,"v_5984",127,1.64098524754262e-05,352.917007887018
"292628",9.38229834553994e-06,3.38412702905335e-06,1.60006144235939e-06,2.40059654824224e-06,9.4962911504428e-06,2.28849228561621e-05,6.61308172271881e-06,9.74812470450997e-06,2.5818607281351e-05,2.20463136358969e-05,7.04953982773094e-06,1.641821528746e-05,2.39084340337114e-05,3.49660307830784e-05,2.00008791084073e-05,2.20351476122124e-05,3.8306636361861e-05,1.6587903011769e-05,3.40925490237615e-05,2.54997535947723e-05,2.69183687337238e-05,2.30235794846901e-05,2.71148694328654e-05,4.64483637493251e-05,2.01498193232867e-05,2.15057028063677e-05,3.90824048030187e-05,"v_6708",169,1.68002284831074e-05,3679.44173810508
"1005039",0.000176098522793211,0.000157823378718579,0.000125764829369448,0.000178844442844047,0.000189925823008856,0.000212974101895634,8.22961281049452e-05,0.000165718119976669,0.000203085386542334,0.00026550060564373,6.18190415662559e-05,0.000178301818021815,0.000140114543639425,0.00024617213607764,0.000203729884871684,0.000207006245878108,0.00026539238263773,0.000243866932337201,0.000253873641759467,0.000281605974481399,0.000238654317919722,0.000220217901483334,0.000221567218794271,0.000243112712390085,0.000214498076667246,0.000141052109582941,0.000181390092520881,"v_6722",131,1.51402746445821e-05,1001.12964799769
"1679444",2.59817492645722e-05,2.89189037028195e-05,3.74414377512096e-05,4.47111107110117e-05,3.46979868958487e-05,6.04079495212206e-05,3.95866419790529e-05,4.87406235225498e-05,3.74684666643997e-05,4.85018899989733e-05,1.3556807361021e-05,4.10455382186499e-05,3.55846460036636e-05,4.25796020019745e-05,4.16297367488943e-05,5.33809209760639e-05,6.3844393936435e-05,3.46612898753382e-05,5.92482162645953e-05,4.93364797811899e-05,5.12105551519624e-05,4.0774583514871e-05,4.82902912756746e-05,4.44718376323325e-05,4.98328864984511e-05,3.79512402465313e-05,3.63973540913609e-05,"v_7686",146,1.71797691039032e-05,3584.44249918019
"2703788",9.09361224260025e-05,7.50660904626379e-05,0.000152325849312614,6.0014913706056e-05,0.00011212928396869,0.000149885936184053,4.28013344831523e-05,9.09824972420931e-05,0.00110768122458284,0.000171331351684685,3.0909520783128e-05,9.76883809603868e-05,9.00736351967734e-05,0.000150579519662612,0.0001395410170354,0.000166349846762618,0.000191533181809305,0.000168354836537357,0.000223091048951604,0.000179606960102309,0.0001601971212446,0.000152377430635315,0.000162947453448934,0.000179205034607325,0.000157731919003793,8.191142686543e-05,0.0001208272820246,"v_7744",109,1.5820031323662e-05,543.092974594014
"88724",3.1755471323366e-05,3.13800869966765e-05,2.78410690970533e-05,2.67066365991949e-05,2.92193573859778e-05,6.37066771401269e-05,2.30539376722559e-05,3.57431239165366e-05,5.03777703050752e-05,7.9366729089229e-05,0.000110081275771491,5.92697571877305e-05,4.1144746941736e-05,6.90861092085016e-05,5.25604497500006e-05,6.05190673856539e-05,7.16058692777271e-05,6.11524185657752e-05,7.2157045506602e-05,4.37930550866742e-05,6.07304660455964e-05,6.37981629995611e-05,6.06856601592702e-05,5.92957835097767e-05,5.26495279092331e-05,3.16260335387761e-05,6.83196236632923e-05,"v_8073",108,1.64425005754875e-05,597.896552900651
"1699371",1.19083017462622e-05,1.72282830569989e-05,1.85607127313689e-05,1.62040267006351e-05,1.46096786929889e-05,4.43266523790527e-05,1.23995282300978e-05,3.24937490150332e-05,2.95969400542317e-05,2.99199970772887e-05,3.0909520783128e-05,3.10304268932993e-05,2.78005046903621e-05,4.20156337635377e-05,2.3024267810841e-05,4.65531287581953e-05,4.28132994632564e-05,3.51564511592716e-05,3.87264877260204e-05,3.27062056976428e-05,3.41403701013083e-05,2.88234124846502e-05,3.58949223920789e-05,2.99773127743871e-05,2.88164082795391e-05,1.32829340862859e-05,2.95355578282355e-05,"v_8078",215,1.70125893160939e-05,3775.03340056472
"62320",3.21163289520406e-05,3.75330452313189e-05,3.52013517319065e-05,3.5408799086573e-05,3.87156485364206e-05,7.19534961873925e-05,2.59930851045753e-05,5.52393733255565e-05,4.59697154033811e-05,5.165136337553e-05,7.04953982773094e-05,6.04190322578527e-05,4.61488377860012e-05,5.97806332742953e-05,4.5350830536505e-05,7.01400473290142e-05,8.63777094434121e-05,5.94193540720083e-05,6.68611155611634e-05,5.26625345978994e-05,5.87608293089825e-05,4.86834466966348e-05,6.37845023801691e-05,6.09428886072705e-05,5.54661693200151e-05,4.04813229296333e-05,6.20545053360908e-05,"v_8079",154,1.65434182010687e-05,1549.45372558923
"387343",4.22203425549297e-05,4.33783555542293e-05,4.7041806405366e-05,5.37133477669201e-05,3.83504065690959e-05,8.76224523771971e-05,3.69230396185134e-05,7.47356227345764e-05,6.42316571389709e-05,8.06265184398517e-05,9.27285623493839e-05,8.52105373419172e-05,5.92150749904714e-05,8.85430134345694e-05,7.00030768794256e-05,7.94506730806533e-05,9.16354830617067e-05,7.40266119480437e-05,9.69817171258459e-05,5.65429318840604e-05,7.5502741570201e-05,6.94222434843709e-05,8.52181610747198e-05,6.9837256133737e-05,7.73493064345523e-05,4.80715709789396e-05,7.42864030225318e-05,"v_8089",163,1.64668686602556e-05,2245.97407177018
"1033997",7.21715257349226e-07,6.15295823464245e-07,2.8801105962469e-06,1.38034301523929e-05,2.19145180394834e-06,8.70039409486522e-05,2.2043605742396e-06,7.31109352838248e-05,0.000124055259376248,0.000132907776490693,4.33817835552673e-06,0.000162211967040104,4.58708327390975e-05,0.00018216174101507,8.67479989236736e-05,8.5347402723358e-05,9.71436268523011e-05,0.000122799998415484,9.46647477747164e-05,8.86947951122516e-06,0.000144440027351689,0.000106857529211386,0.000125503109946406,0.00013802740716998,7.53993239193955e-05,4.58577486312253e-05,0.000155732941276151,"v_8227",283,1.61196724482559e-05,843.844815020737
"1826864",4.33029154409536e-06,1.23059164692849e-05,2.14408233276158e-05,2.82070094418463e-05,2.44712118107564e-05,5.71092219023144e-05,1.99310935254164e-05,5.19899984240532e-05,7.11586005559187e-05,5.4485889414431e-05,2.71136147220421e-05,9.42405557500202e-05,4.19787620824468e-05,9.44646799381552e-05,4.3955420366151e-05,3.84839197734414e-05,5.3078476527546e-05,5.54580638005411e-05,5.75932381566457e-05,6.65210963341887e-06,6.43414667293887e-05,6.2567895393509e-05,5.73285810866297e-05,8.26846758941887e-05,3.07663907946959e-05,3.98488022588578e-05,8.3236572061391e-05,"v_8232",240,1.64652418744031e-05,2088.73380240928
"925818",0,0,0,0,0,0.000152978493326777,7.46727144523666e-05,0.000123476246257126,0.00011618373276608,0.00010550735811465,7.10376705717502e-05,0.000120181335904207,9.31316907127132e-05,0.000116459441237188,0.000119540137926993,0.000149280366217946,0.000122931754599175,0.000108935482465349,0.00012180638874509,0.000115857576115379,0.000122117477670064,0.000115996659999202,0.000112074793655844,0.000105085305220104,0.000121115580663627,9.01341955855117e-05,0.000120528943056638,"v_10233",209,1.62324486648811e-05,1873.40589808843
"2067957",0,0,0,0,0,9.54569304720995e-05,4.56486335582118e-05,0.000125100933707878,7.871526610168e-05,7.49574663620496e-05,5.91076800940517e-05,8.42254444246696e-05,8.17334837896647e-05,9.7284521130339e-05,9.1399366158187e-05,0.000112968925786554,9.83954777137999e-05,7.55120957998439e-05,9.30097696667668e-05,8.75861101733484e-05,9.78252912518256e-05,8.34824446963954e-05,9.06411349612929e-05,8.13669918161936e-05,9.27325018319002e-05,7.90650838469401e-05,7.57780978623416e-05,"v_10234",163,1.64041994750656e-05,545.076890245798
"758782",0,0,0,0,0,0.000249466276179785,0.000117290352220999,0.000160844057624415,0.000274873709227066,0.000203770927463219,7.80872103994811e-05,0.000176003267881571,0.000162632952438619,0.000189211343995529,0.000187450099550887,0.000244248748884665,0.000252373133678143,0.000206729836042196,0.000255528619867416,0.000214530535677758,0.000189413399504374,0.000249392818998284,0.000196518244175339,0.000197323190679757,0.000238764525744752,0.000159711469370819,0.000181986770456805,"v_10262",197,1.52146791224173e-05,1659.80117301073
"1855726",0,0,0,0,0,7.97879742822948e-05,4.19746992678125e-05,6.49874980300665e-05,9.98109574169302e-05,6.67688355830022e-05,3.74167883164181e-05,5.41801104486179e-05,6.44971708816402e-05,6.11905538703871e-05,6.88402350707973e-05,8.50370485316367e-05,7.61125323791225e-05,6.90749991087097e-05,7.91079535599903e-05,6.15320141091245e-05,7.74723783068149e-05,8.36581972115457e-05,6.73998183045511e-05,6.06134675877718e-05,8.40659128756479e-05,4.99691329912662e-05,6.92146405671782e-05,"v_10264",143,1.64758217316089e-05,445.536064364424
"43306",0,0,0,0,0,0.000108858011423906,5.89666453609094e-05,8.44837474390864e-05,0.00011807289915252,8.3146097141097e-05,5.15158679718799e-05,8.86583625522838e-05,7.22813121949416e-05,0.000103206187633925,0.000101632374074116,0.00011452069674516,0.00021581908852238,8.81387085401457e-05,0.000128095305555298,0.000199563289002566,0.000100779746356747,9.03367927872574e-05,0.000150293847713597,9.48732536156428e-05,0.000112665656431281,6.51496290898787e-05,9.15900631643263e-05,"v_10281",269,1.63100208768267e-05,3482.77836890485
"443143",0,0,0,0,0,0.000291525053320839,8.55108206090446e-05,0.000138098433313891,0.000195213859932166,0.000225187346423804,7.8629482693922e-05,0.000187824382888542,0.000209615805365331,0.000262809199111524,0.000199311085998896,0.000235248477324747,0.000302447168138092,0.000194598384585827,0.000258838576083316,0.000178498275163406,0.000253426593444327,0.000202466897453153,0.000276829905066969,0.000264525078657504,0.000199114881269898,0.000223279796783759,0.00021003063344523,"v_10331",257,1.50893288266538e-05,2743.590765716
"68202",0,0,0,0,0,9.99926809480955e-05,4.74856007034115e-05,9.74812470450997e-05,9.41434582576093e-05,0.000114010936231353,5.15158679718799e-05,0.000116897692846715,7.72854030392068e-05,0.0001074359494222,7.93058113484523e-05,9.34166117081119e-05,0.000103152510987495,9.11096762437461e-05,9.00308090724576e-05,6.04233291702214e-05,0.000116865113039094,0.000120917730423411,9.7871766810057e-05,0.000112332567649077,9.22991723840876e-05,6.92610134499195e-05,9.90485373633757e-05,"v_10344",326,1.64087754130909e-05,2562.58448463342
"48665",0,0,0,0,0,8.51484066630174e-05,3.44431339724938e-05,6.01134356778115e-05,8.50124873898144e-05,0.000106452200127617,4.50086004385898e-05,9.19420056097758e-05,5.83810598497605e-05,9.55926164150287e-05,7.30264655818593e-05,9.09337781743415e-05,0.000101650289953697,9.48233858732466e-05,9.6319725882666e-05,5.15538496589962e-05,8.04268334117358e-05,0.000118105690181006,8.57346347782029e-05,0.000101132252986119,8.18992656365848e-05,5.97732033882867e-05,9.03967072924784e-05,"v_10345",366,1.66079851192453e-05,1942.78365482521
"31963",0,0,0,0,0,7.50460533301171e-05,4.93225678486111e-05,4.54912486210465e-05,6.64356845898179e-05,8.09414657775073e-05,3.47054268442138e-05,8.55389016476664e-05,6.47751759285438e-05,9.55926164150287e-05,6.25608893042043e-05,6.95193389455716e-05,7.43599411730243e-05,7.32838700221436e-05,8.80448353429181e-05,5.93146442313182e-05,7.84571966751219e-05,7.52220764843311e-05,8.44434505194951e-05,7.28020453092259e-05,6.88993822022063e-05,5.69268603697969e-05,8.86066734847065e-05,"v_10350",389,1.6562872664635e-05,1734.91060511847
"1652545",0,0,0,0,0,6.16449723783104e-05,3.29735602563341e-05,6.82368729315698e-05,5.63601305288029e-05,8.72404125306208e-05,5.26004125607616e-05,8.55389016476664e-05,5.64350245214352e-05,8.71330928384775e-05,7.4654444113939e-05,6.61054428366373e-05,7.6613272723722e-05,5.86766121461082e-05,7.34810279929617e-05,4.76734523728352e-05,6.79524674131809e-05,5.64165573632483e-05,7.92787134846636e-05,6.78607300167445e-05,6.17494463132981e-05,6.32520670775521e-05,8.92033514206305e-05,"v_10354",288,1.64579253139349e-05,1747.63144440561
"2711329",0,0,0,0,0,6.06141199974023e-05,3.53616175450936e-05,4.54912486210465e-05,5.25817977559222e-05,6.99183089595589e-05,4.39240558497081e-05,7.9135797685557e-05,4.67048478798084e-05,7.24699186391221e-05,0.000160239601228984,7.01400473290142e-05,7.13554991054274e-05,4.77830638995734e-05,6.65301199395734e-05,4.54560824950289e-05,7.91137422539932e-05,5.58892998177974e-05,7.33392658946073e-05,5.83075204512804e-05,6.21827757611107e-05,5.88244223821234e-05,7.1303013342912e-05,"v_10358",316,1.64845128002242e-05,746.526135977904
"1547487",0,0,0,0,0,0.00013071208189916,6.60389688699281e-05,0.000100730621946603,0.000175062751810136,0.000137317039217872,6.8326309099546e-05,0.000130524811535307,8.67375746339299e-05,0.00012999467895967,0.000111400245266594,0.000141211157233192,0.000123682865116074,0.000117600804934183,0.000127764309933708,0.000101444671909638,0.000121460932091193,9.71911408781193e-05,0.000114140688469776,0.000117932724980556,0.00017961505611833,8.38089888777565e-05,0.000130672467967345,"v_10361",266,1.62011535221308e-05,1035.99494381585
"168694",0,0,0,0,0,5.33981533310448e-05,2.81974456788149e-05,3.73678113672882e-05,7.52517943932061e-05,7.62172557126723e-05,1.19299904776985e-05,7.2568511570573e-05,3.39166157222418e-05,0.00010236023527627,2.46522463429207e-05,5.98983590022113e-05,5.83362501458406e-05,3.29282253815713e-05,7.34810279929617e-05,6.81841237425434e-05,7.84571966751219e-05,6.29194004238096e-05,7.35975027463489e-05,6.8519572055742e-05,4.11662975421987e-05,5.12341743328172e-05,0.000129479112095497,"v_10371",230,1.64945732853891e-05,268.451863858915
"1182571",0,0,0,0,0,0.000101229703805185,3.83926133346731e-05,7.63603101853281e-05,9.63474857084563e-05,0.000116845462270254,3.19940653720096e-05,9.32554628327726e-05,7.22813121949416e-05,0.000109409838256729,8.60502938384966e-05,0.000110796446444505,0.000116171759947082,9.50709665152133e-05,0.000118165436907601,7.15101785592528e-05,0.000109314838882074,8.54157223630488e-05,0.000107426530324495,0.000108708936434591,0.000108332361953154,6.79959721083685e-05,0.000103523621882805,"v_10451",433,1.66691670417229e-05,3580.3592019964
"2724192",0,0,0,0,0,5.58721990452245e-05,2.42479663166356e-05,3.89924988180399e-05,4.81737428542281e-05,6.23595728558228e-05,2.92827038998054e-05,4.62993671106371e-05,4.61488377860012e-05,5.30130144130543e-05,5.00021977710183e-05,5.02773790588509e-05,6.15910623857373e-05,4.70403219736733e-05,5.69312469134658e-05,3.10431782892881e-05,4.53016449421206e-05,4.41138813027269e-05,5.78450547901128e-05,5.56721522952904e-05,5.35161868048583e-05,4.39601866188987e-05,4.68392179700301e-05,"v_10455",415,1.72161487475252e-05,3376.37421230501
"332160",0,0,0,0,0,0.000106383965709726,1.91044583100766e-05,5.52393733255565e-05,9.72920689016764e-05,0.000136687144542561,1.95218025998703e-05,6.56728611498399e-05,6.50531809754474e-05,0.00010236023527627,8.00035164336293e-05,0.00011669317608721,0.000121679903737676,9.13572568857128e-05,0.000155898937768851,7.98253156010264e-05,0.000125400205564421,9.35003380599629e-05,0.000129634899574271,0.000112991409688075,0.000100749096616434,5.56618190282458e-05,5.22093193933456e-05,"v_10467",350,1.66148836127403e-05,1522.69061227102
"80884",0,0,0,0,0,0.000167410426659492,7.41216243088067e-05,0.000149471245469153,9.63474857084563e-05,0.000152119564087689,6.18190415662559e-05,0.000150390852033133,0.000114260074277388,0.00014916959906652,0.000154425392185843,0.000152383908135159,0.000168749496130028,0.000137407256291519,0.000157884911498391,0.000105325069195799,0.000139515935510154,0.000176104020180607,0.000149002663454889,0.000118262146000055,0.000150581983114885,0.000144530973272207,0.000135445891454737,"v_10498",158,1.60038409218212e-05,547.637539768208
"1578925",0,0,0,0,0,7.95818038061132e-05,3.21469250409942e-05,4.54912486210465e-05,4.91183260474483e-05,6.61389409076908e-05,2.16908917776337e-05,7.0926690041827e-05,4.72608579736157e-05,6.45743633010076e-05,5.9304932240045e-05,6.51743802614734e-05,7.01036482439286e-05,6.41233862693757e-05,6.58681286963936e-05,4.37930550866742e-05,6.89372857814878e-05,6.50284306056133e-05,5.6553870531405e-05,5.83075204512804e-05,5.87161401786097e-05,5.37642570159193e-05,5.01209466176118e-05,"v_10505",410,1.72553621037737e-05,2623.17056336756
"318829",0,0,0,0,0,6.32943361877636e-05,2.96670193949747e-05,3.73678113672882e-05,4.81737428542281e-05,7.11780983101816e-05,1.89795303054294e-05,6.48519503854669e-05,3.14145703001092e-05,7.13419821622486e-05,5.81420904314166e-05,6.54847344531947e-05,7.68636428960218e-05,4.95161283933403e-05,7.54670017225012e-05,4.37930550866742e-05,5.48215558357546e-05,7.3464551332828e-05,6.99821868219669e-05,5.10602580223077e-05,6.19661110372044e-05,4.93366123204906e-05,5.57893870088893e-05,"v_10506",430,1.72842920353982e-05,3380.05897436592
"121627",0,0,0,0,0,6.18511428544921e-05,2.19517573851361e-05,4.71159360717982e-05,3.55793002779594e-05,4.03132592199258e-05,2.11486194831928e-05,3.89111702312801e-05,3.25265904877237e-05,4.70913479094684e-05,7.23287604966823e-05,6.76572137952438e-05,4.58177415308534e-05,7.08080636024766e-05,3.77335008612506e-05,2.21736987780629e-05,3.97210075217144e-05,4.25321086663741e-05,4.00267120199441e-05,4.31541535543375e-05,3.81329914075104e-05,2.59333475017964e-05,4.17674555146765e-05,"v_10513",132,1.63829682661905e-05,1193.31658633096
"5665",0,0,0,0,0,5.58721990452245e-05,2.56256916755354e-05,2.43703117612749e-05,3.62090224067728e-05,5.51157840897424e-05,1.13877181832577e-05,4.51500920405149e-05,3.53066409567599e-05,4.93472208632154e-05,3.79086429612836e-05,4.9346316483687e-05,6.43451342810345e-05,4.75354832576067e-05,5.32902950759767e-05,4.98908222506415e-05,5.4493283046319e-05,4.97379617875367e-05,4.85485281274161e-05,4.01893643788487e-05,4.50662625725123e-05,3.0360992197225e-05,4.05740996428286e-05,"v_10607",379,1.71850833476542e-05,2623.95489748247
